use DW_Assignment_SalesDatabase;
go

CREATE TABLE times (
    time_key INT PRIMARY KEY,
    day INT,
    day_of_the_week VARCHAR(20),
    month INT,
    quarter INT,
    year INT
);
INSERT INTO times (time_key, day, day_of_the_week, month, quarter, year) VALUES
(1,1,'Thursday',1,1,1998),
(2,2,'Friday',1,1,1998),
(3,3,'Saturday',1,1,1998),
(4,4,'Sunday',1,1,1998),
(5,5,'Monday',1,1,1998),
(6,6,'Tuesday',1,1,1998),
(7,7,'Wednesday',1,1,1998),
(8,8,'Thursday',1,1,1998),
(9,9,'Friday',1,1,1998),
(10,10,'Saturday',1,1,1998),
(11,11,'Sunday',1,1,1998),
(12,12,'Monday',1,1,1998),
(13,13,'Tuesday',1,1,1998),
(14,14,'Wednesday',1,1,1998),
(15,15,'Thursday',1,1,1998),
(16,16,'Friday',1,1,1998),
(17,17,'Saturday',1,1,1998),
(18,18,'Sunday',1,1,1998),
(19,19,'Monday',1,1,1998),
(20,20,'Tuesday',1,1,1998),
(21,21,'Wednesday',1,1,1998),
(22,22,'Thursday',1,1,1998),
(23,23,'Friday',1,1,1998),
(24,24,'Saturday',1,1,1998),
(25,25,'Sunday',1,1,1998),
(26,26,'Monday',1,1,1998),
(27,27,'Tuesday',1,1,1998),
(28,28,'Wednesday',1,1,1998),
(29,29,'Thursday',1,1,1998),
(30,30,'Friday',1,1,1998),
(31,31,'Saturday',1,1,1998),
(32,1,'Sunday',2,1,1998),
(33,2,'Monday',2,1,1998),
(34,3,'Tuesday',2,1,1998),
(35,4,'Wednesday',2,1,1998),
(36,5,'Thursday',2,1,1998),
(37,6,'Friday',2,1,1998),
(38,7,'Saturday',2,1,1998),
(39,8,'Sunday',2,1,1998),
(40,9,'Monday',2,1,1998),
(41,10,'Tuesday',2,1,1998),
(42,11,'Wednesday',2,1,1998),
(43,12,'Thursday',2,1,1998),
(44,13,'Friday',2,1,1998),
(45,14,'Saturday',2,1,1998),
(46,15,'Sunday',2,1,1998),
(47,16,'Monday',2,1,1998),
(48,17,'Tuesday',2,1,1998),
(49,18,'Wednesday',2,1,1998),
(50,19,'Thursday',2,1,1998),
(51,20,'Friday',2,1,1998),
(52,21,'Saturday',2,1,1998),
(53,22,'Sunday',2,1,1998),
(54,23,'Monday',2,1,1998),
(55,24,'Tuesday',2,1,1998),
(56,25,'Wednesday',2,1,1998),
(57,26,'Thursday',2,1,1998),
(58,27,'Friday',2,1,1998),
(59,28,'Saturday',2,1,1998),
(60,1,'Sunday',3,1,1998),
(61,2,'Monday',3,1,1998),
(62,3,'Tuesday',3,1,1998),
(63,4,'Wednesday',3,1,1998),
(64,5,'Thursday',3,1,1998),
(65,6,'Friday',3,1,1998),
(66,7,'Saturday',3,1,1998),
(67,8,'Sunday',3,1,1998),
(68,9,'Monday',3,1,1998),
(69,10,'Tuesday',3,1,1998),
(70,11,'Wednesday',3,1,1998),
(71,12,'Thursday',3,1,1998),
(72,13,'Friday',3,1,1998),
(73,14,'Saturday',3,1,1998),
(74,15,'Sunday',3,1,1998),
(75,16,'Monday',3,1,1998),
(76,17,'Tuesday',3,1,1998),
(77,18,'Wednesday',3,1,1998),
(78,19,'Thursday',3,1,1998),
(79,20,'Friday',3,1,1998),
(80,21,'Saturday',3,1,1998),
(81,22,'Sunday',3,1,1998),
(82,23,'Monday',3,1,1998),
(83,24,'Tuesday',3,1,1998),
(84,25,'Wednesday',3,1,1998),
(85,26,'Thursday',3,1,1998),
(86,27,'Friday',3,1,1998),
(87,28,'Saturday',3,1,1998),
(88,29,'Sunday',3,1,1998),
(89,30,'Monday',3,1,1998),
(90,31,'Tuesday',3,1,1998),
(91,1,'Wednesday',4,2,1998),
(92,2,'Thursday',4,2,1998),
(93,3,'Friday',4,2,1998),
(94,4,'Saturday',4,2,1998),
(95,5,'Sunday',4,2,1998),
(96,6,'Monday',4,2,1998),
(97,7,'Tuesday',4,2,1998),
(98,8,'Wednesday',4,2,1998),
(99,9,'Thursday',4,2,1998),
(100,10,'Friday',4,2,1998),
(101,11,'Saturday',4,2,1998),
(102,12,'Sunday',4,2,1998),
(103,13,'Monday',4,2,1998),
(104,14,'Tuesday',4,2,1998),
(105,15,'Wednesday',4,2,1998),
(106,16,'Thursday',4,2,1998),
(107,17,'Friday',4,2,1998),
(108,18,'Saturday',4,2,1998),
(109,19,'Sunday',4,2,1998),
(110,20,'Monday',4,2,1998),
(111,21,'Tuesday',4,2,1998),
(112,22,'Wednesday',4,2,1998),
(113,23,'Thursday',4,2,1998),
(114,24,'Friday',4,2,1998),
(115,25,'Saturday',4,2,1998),
(116,26,'Sunday',4,2,1998),
(117,27,'Monday',4,2,1998),
(118,28,'Tuesday',4,2,1998),
(119,29,'Wednesday',4,2,1998),
(120,30,'Thursday',4,2,1998),
(121,1,'Friday',5,2,1998),
(122,2,'Saturday',5,2,1998),
(123,3,'Sunday',5,2,1998),
(124,4,'Monday',5,2,1998),
(125,5,'Tuesday',5,2,1998),
(126,6,'Wednesday',5,2,1998),
(127,7,'Thursday',5,2,1998),
(128,8,'Friday',5,2,1998),
(129,9,'Saturday',5,2,1998),
(130,10,'Sunday',5,2,1998),
(131,11,'Monday',5,2,1998),
(132,12,'Tuesday',5,2,1998),
(133,13,'Wednesday',5,2,1998),
(134,14,'Thursday',5,2,1998),
(135,15,'Friday',5,2,1998),
(136,16,'Saturday',5,2,1998),
(137,17,'Sunday',5,2,1998),
(138,18,'Monday',5,2,1998),
(139,19,'Tuesday',5,2,1998),
(140,20,'Wednesday',5,2,1998),
(141,21,'Thursday',5,2,1998),
(142,22,'Friday',5,2,1998),
(143,23,'Saturday',5,2,1998),
(144,24,'Sunday',5,2,1998),
(145,25,'Monday',5,2,1998),
(146,26,'Tuesday',5,2,1998),
(147,27,'Wednesday',5,2,1998),
(148,28,'Thursday',5,2,1998),
(149,29,'Friday',5,2,1998),
(150,30,'Saturday',5,2,1998),
(151,31,'Sunday',5,2,1998),
(152,1,'Monday',6,2,1998),
(153,2,'Tuesday',6,2,1998),
(154,3,'Wednesday',6,2,1998),
(155,4,'Thursday',6,2,1998),
(156,5,'Friday',6,2,1998),
(157,6,'Saturday',6,2,1998),
(158,7,'Sunday',6,2,1998),
(159,8,'Monday',6,2,1998),
(160,9,'Tuesday',6,2,1998),
(161,10,'Wednesday',6,2,1998),
(162,11,'Thursday',6,2,1998),
(163,12,'Friday',6,2,1998),
(164,13,'Saturday',6,2,1998),
(165,14,'Sunday',6,2,1998),
(166,15,'Monday',6,2,1998),
(167,16,'Tuesday',6,2,1998),
(168,17,'Wednesday',6,2,1998),
(169,18,'Thursday',6,2,1998),
(170,19,'Friday',6,2,1998),
(171,20,'Saturday',6,2,1998),
(172,21,'Sunday',6,2,1998),
(173,22,'Monday',6,2,1998),
(174,23,'Tuesday',6,2,1998),
(175,24,'Wednesday',6,2,1998),
(176,25,'Thursday',6,2,1998),
(177,26,'Friday',6,2,1998),
(178,27,'Saturday',6,2,1998),
(179,28,'Sunday',6,2,1998),
(180,29,'Monday',6,2,1998),
(181,30,'Tuesday',6,2,1998),
(182,1,'Wednesday',7,3,1998),
(183,2,'Thursday',7,3,1998),
(184,3,'Friday',7,3,1998),
(185,4,'Saturday',7,3,1998),
(186,5,'Sunday',7,3,1998),
(187,6,'Monday',7,3,1998),
(188,7,'Tuesday',7,3,1998),
(189,8,'Wednesday',7,3,1998),
(190,9,'Thursday',7,3,1998),
(191,10,'Friday',7,3,1998),
(192,11,'Saturday',7,3,1998),
(193,12,'Sunday',7,3,1998),
(194,13,'Monday',7,3,1998),
(195,14,'Tuesday',7,3,1998),
(196,15,'Wednesday',7,3,1998),
(197,16,'Thursday',7,3,1998),
(198,17,'Friday',7,3,1998),
(199,18,'Saturday',7,3,1998),
(200,19,'Sunday',7,3,1998),
(201,20,'Monday',7,3,1998),
(202,21,'Tuesday',7,3,1998),
(203,22,'Wednesday',7,3,1998),
(204,23,'Thursday',7,3,1998),
(205,24,'Friday',7,3,1998),
(206,25,'Saturday',7,3,1998),
(207,26,'Sunday',7,3,1998),
(208,27,'Monday',7,3,1998),
(209,28,'Tuesday',7,3,1998),
(210,29,'Wednesday',7,3,1998),
(211,30,'Thursday',7,3,1998),
(212,31,'Friday',7,3,1998),
(213,1,'Saturday',8,3,1998),
(214,2,'Sunday',8,3,1998),
(215,3,'Monday',8,3,1998),
(216,4,'Tuesday',8,3,1998),
(217,5,'Wednesday',8,3,1998),
(218,6,'Thursday',8,3,1998),
(219,7,'Friday',8,3,1998),
(220,8,'Saturday',8,3,1998),
(221,9,'Sunday',8,3,1998),
(222,10,'Monday',8,3,1998),
(223,11,'Tuesday',8,3,1998),
(224,12,'Wednesday',8,3,1998),
(225,13,'Thursday',8,3,1998),
(226,14,'Friday',8,3,1998),
(227,15,'Saturday',8,3,1998),
(228,16,'Sunday',8,3,1998),
(229,17,'Monday',8,3,1998),
(230,18,'Tuesday',8,3,1998),
(231,19,'Wednesday',8,3,1998),
(232,20,'Thursday',8,3,1998),
(233,21,'Friday',8,3,1998),
(234,22,'Saturday',8,3,1998),
(235,23,'Sunday',8,3,1998),
(236,24,'Monday',8,3,1998),
(237,25,'Tuesday',8,3,1998),
(238,26,'Wednesday',8,3,1998),
(239,27,'Thursday',8,3,1998),
(240,28,'Friday',8,3,1998),
(241,29,'Saturday',8,3,1998),
(242,30,'Sunday',8,3,1998),
(243,31,'Monday',8,3,1998),
(244,1,'Tuesday',9,3,1998),
(245,2,'Wednesday',9,3,1998),
(246,3,'Thursday',9,3,1998),
(247,4,'Friday',9,3,1998),
(248,5,'Saturday',9,3,1998),
(249,6,'Sunday',9,3,1998),
(250,7,'Monday',9,3,1998),
(251,8,'Tuesday',9,3,1998),
(252,9,'Wednesday',9,3,1998),
(253,10,'Thursday',9,3,1998),
(254,11,'Friday',9,3,1998),
(255,12,'Saturday',9,3,1998),
(256,13,'Sunday',9,3,1998),
(257,14,'Monday',9,3,1998),
(258,15,'Tuesday',9,3,1998),
(259,16,'Wednesday',9,3,1998),
(260,17,'Thursday',9,3,1998),
(261,18,'Friday',9,3,1998),
(262,19,'Saturday',9,3,1998),
(263,20,'Sunday',9,3,1998),
(264,21,'Monday',9,3,1998),
(265,22,'Tuesday',9,3,1998),
(266,23,'Wednesday',9,3,1998),
(267,24,'Thursday',9,3,1998),
(268,25,'Friday',9,3,1998),
(269,26,'Saturday',9,3,1998),
(270,27,'Sunday',9,3,1998),
(271,28,'Monday',9,3,1998),
(272,29,'Tuesday',9,3,1998),
(273,30,'Wednesday',9,3,1998),
(274,1,'Thursday',10,4,1998),
(275,2,'Friday',10,4,1998),
(276,3,'Saturday',10,4,1998),
(277,4,'Sunday',10,4,1998),
(278,5,'Monday',10,4,1998),
(279,6,'Tuesday',10,4,1998),
(280,7,'Wednesday',10,4,1998),
(281,8,'Thursday',10,4,1998),
(282,9,'Friday',10,4,1998),
(283,10,'Saturday',10,4,1998),
(284,11,'Sunday',10,4,1998),
(285,12,'Monday',10,4,1998),
(286,13,'Tuesday',10,4,1998),
(287,14,'Wednesday',10,4,1998),
(288,15,'Thursday',10,4,1998),
(289,16,'Friday',10,4,1998),
(290,17,'Saturday',10,4,1998),
(291,18,'Sunday',10,4,1998),
(292,19,'Monday',10,4,1998),
(293,20,'Tuesday',10,4,1998),
(294,21,'Wednesday',10,4,1998),
(295,22,'Thursday',10,4,1998),
(296,23,'Friday',10,4,1998),
(297,24,'Saturday',10,4,1998),
(298,25,'Sunday',10,4,1998),
(299,26,'Monday',10,4,1998),
(300,27,'Tuesday',10,4,1998),
(301,28,'Wednesday',10,4,1998),
(302,29,'Thursday',10,4,1998),
(303,30,'Friday',10,4,1998),
(304,31,'Saturday',10,4,1998),
(305,1,'Sunday',11,4,1998),
(306,2,'Monday',11,4,1998),
(307,3,'Tuesday',11,4,1998),
(308,4,'Wednesday',11,4,1998),
(309,5,'Thursday',11,4,1998),
(310,6,'Friday',11,4,1998),
(311,7,'Saturday',11,4,1998),
(312,8,'Sunday',11,4,1998),
(313,9,'Monday',11,4,1998),
(314,10,'Tuesday',11,4,1998),
(315,11,'Wednesday',11,4,1998),
(316,12,'Thursday',11,4,1998),
(317,13,'Friday',11,4,1998),
(318,14,'Saturday',11,4,1998),
(319,15,'Sunday',11,4,1998),
(320,16,'Monday',11,4,1998),
(321,17,'Tuesday',11,4,1998),
(322,18,'Wednesday',11,4,1998),
(323,19,'Thursday',11,4,1998),
(324,20,'Friday',11,4,1998),
(325,21,'Saturday',11,4,1998),
(326,22,'Sunday',11,4,1998),
(327,23,'Monday',11,4,1998),
(328,24,'Tuesday',11,4,1998),
(329,25,'Wednesday',11,4,1998),
(330,26,'Thursday',11,4,1998),
(331,27,'Friday',11,4,1998),
(332,28,'Saturday',11,4,1998),
(333,29,'Sunday',11,4,1998),
(334,30,'Monday',11,4,1998),
(335,1,'Tuesday',12,4,1998),
(336,2,'Wednesday',12,4,1998),
(337,3,'Thursday',12,4,1998),
(338,4,'Friday',12,4,1998),
(339,5,'Saturday',12,4,1998),
(340,6,'Sunday',12,4,1998),
(341,7,'Monday',12,4,1998),
(342,8,'Tuesday',12,4,1998),
(343,9,'Wednesday',12,4,1998),
(344,10,'Thursday',12,4,1998),
(345,11,'Friday',12,4,1998),
(346,12,'Saturday',12,4,1998),
(347,13,'Sunday',12,4,1998),
(348,14,'Monday',12,4,1998),
(349,15,'Tuesday',12,4,1998),
(350,16,'Wednesday',12,4,1998),
(351,17,'Thursday',12,4,1998),
(352,18,'Friday',12,4,1998),
(353,19,'Saturday',12,4,1998),
(354,20,'Sunday',12,4,1998),
(355,21,'Monday',12,4,1998),
(356,22,'Tuesday',12,4,1998),
(357,23,'Wednesday',12,4,1998),
(358,24,'Thursday',12,4,1998),
(359,25,'Friday',12,4,1998),
(360,26,'Saturday',12,4,1998),
(361,27,'Sunday',12,4,1998),
(362,28,'Monday',12,4,1998),
(363,29,'Tuesday',12,4,1998),
(364,30,'Wednesday',12,4,1998),
(365,31,'Thursday',12,4,1998),
(366,1,'Friday',1,1,1999),
(367,2,'Saturday',1,1,1999),
(368,3,'Sunday',1,1,1999),
(369,4,'Monday',1,1,1999),
(370,5,'Tuesday',1,1,1999),
(371,6,'Wednesday',1,1,1999),
(372,7,'Thursday',1,1,1999),
(373,8,'Friday',1,1,1999),
(374,9,'Saturday',1,1,1999),
(375,10,'Sunday',1,1,1999),
(376,11,'Monday',1,1,1999),
(377,12,'Tuesday',1,1,1999),
(378,13,'Wednesday',1,1,1999),
(379,14,'Thursday',1,1,1999),
(380,15,'Friday',1,1,1999),
(381,16,'Saturday',1,1,1999),
(382,17,'Sunday',1,1,1999),
(383,18,'Monday',1,1,1999),
(384,19,'Tuesday',1,1,1999),
(385,20,'Wednesday',1,1,1999),
(386,21,'Thursday',1,1,1999),
(387,22,'Friday',1,1,1999),
(388,23,'Saturday',1,1,1999),
(389,24,'Sunday',1,1,1999),
(390,25,'Monday',1,1,1999),
(391,26,'Tuesday',1,1,1999),
(392,27,'Wednesday',1,1,1999),
(393,28,'Thursday',1,1,1999),
(394,29,'Friday',1,1,1999),
(395,30,'Saturday',1,1,1999),
(396,31,'Sunday',1,1,1999),
(397,1,'Monday',2,1,1999),
(398,2,'Tuesday',2,1,1999),
(399,3,'Wednesday',2,1,1999),
(400,4,'Thursday',2,1,1999),
(401,5,'Friday',2,1,1999),
(402,6,'Saturday',2,1,1999),
(403,7,'Sunday',2,1,1999),
(404,8,'Monday',2,1,1999),
(405,9,'Tuesday',2,1,1999),
(406,10,'Wednesday',2,1,1999),
(407,11,'Thursday',2,1,1999),
(408,12,'Friday',2,1,1999),
(409,13,'Saturday',2,1,1999),
(410,14,'Sunday',2,1,1999),
(411,15,'Monday',2,1,1999),
(412,16,'Tuesday',2,1,1999),
(413,17,'Wednesday',2,1,1999),
(414,18,'Thursday',2,1,1999),
(415,19,'Friday',2,1,1999),
(416,20,'Saturday',2,1,1999),
(417,21,'Sunday',2,1,1999),
(418,22,'Monday',2,1,1999),
(419,23,'Tuesday',2,1,1999),
(420,24,'Wednesday',2,1,1999),
(421,25,'Thursday',2,1,1999),
(422,26,'Friday',2,1,1999),
(423,27,'Saturday',2,1,1999),
(424,28,'Sunday',2,1,1999),
(425,1,'Monday',3,1,1999),
(426,2,'Tuesday',3,1,1999),
(427,3,'Wednesday',3,1,1999),
(428,4,'Thursday',3,1,1999),
(429,5,'Friday',3,1,1999),
(430,6,'Saturday',3,1,1999),
(431,7,'Sunday',3,1,1999),
(432,8,'Monday',3,1,1999),
(433,9,'Tuesday',3,1,1999),
(434,10,'Wednesday',3,1,1999),
(435,11,'Thursday',3,1,1999),
(436,12,'Friday',3,1,1999),
(437,13,'Saturday',3,1,1999),
(438,14,'Sunday',3,1,1999),
(439,15,'Monday',3,1,1999),
(440,16,'Tuesday',3,1,1999),
(441,17,'Wednesday',3,1,1999),
(442,18,'Thursday',3,1,1999),
(443,19,'Friday',3,1,1999),
(444,20,'Saturday',3,1,1999),
(445,21,'Sunday',3,1,1999),
(446,22,'Monday',3,1,1999),
(447,23,'Tuesday',3,1,1999),
(448,24,'Wednesday',3,1,1999),
(449,25,'Thursday',3,1,1999),
(450,26,'Friday',3,1,1999),
(451,27,'Saturday',3,1,1999),
(452,28,'Sunday',3,1,1999),
(453,29,'Monday',3,1,1999),
(454,30,'Tuesday',3,1,1999),
(455,31,'Wednesday',3,1,1999),
(456,1,'Thursday',4,2,1999),
(457,2,'Friday',4,2,1999),
(458,3,'Saturday',4,2,1999),
(459,4,'Sunday',4,2,1999),
(460,5,'Monday',4,2,1999),
(461,6,'Tuesday',4,2,1999),
(462,7,'Wednesday',4,2,1999),
(463,8,'Thursday',4,2,1999),
(464,9,'Friday',4,2,1999),
(465,10,'Saturday',4,2,1999),
(466,11,'Sunday',4,2,1999),
(467,12,'Monday',4,2,1999),
(468,13,'Tuesday',4,2,1999),
(469,14,'Wednesday',4,2,1999),
(470,15,'Thursday',4,2,1999),
(471,16,'Friday',4,2,1999),
(472,17,'Saturday',4,2,1999),
(473,18,'Sunday',4,2,1999),
(474,19,'Monday',4,2,1999),
(475,20,'Tuesday',4,2,1999),
(476,21,'Wednesday',4,2,1999),
(477,22,'Thursday',4,2,1999),
(478,23,'Friday',4,2,1999),
(479,24,'Saturday',4,2,1999),
(480,25,'Sunday',4,2,1999),
(481,26,'Monday',4,2,1999),
(482,27,'Tuesday',4,2,1999),
(483,28,'Wednesday',4,2,1999),
(484,29,'Thursday',4,2,1999),
(485,30,'Friday',4,2,1999),
(486,1,'Saturday',5,2,1999),
(487,2,'Sunday',5,2,1999),
(488,3,'Monday',5,2,1999),
(489,4,'Tuesday',5,2,1999),
(490,5,'Wednesday',5,2,1999),
(491,6,'Thursday',5,2,1999),
(492,7,'Friday',5,2,1999),
(493,8,'Saturday',5,2,1999),
(494,9,'Sunday',5,2,1999),
(495,10,'Monday',5,2,1999),
(496,11,'Tuesday',5,2,1999),
(497,12,'Wednesday',5,2,1999),
(498,13,'Thursday',5,2,1999),
(499,14,'Friday',5,2,1999),
(500,15,'Saturday',5,2,1999),
(501,16,'Sunday',5,2,1999),
(502,17,'Monday',5,2,1999),
(503,18,'Tuesday',5,2,1999),
(504,19,'Wednesday',5,2,1999),
(505,20,'Thursday',5,2,1999),
(506,21,'Friday',5,2,1999),
(507,22,'Saturday',5,2,1999),
(508,23,'Sunday',5,2,1999),
(509,24,'Monday',5,2,1999),
(510,25,'Tuesday',5,2,1999),
(511,26,'Wednesday',5,2,1999),
(512,27,'Thursday',5,2,1999),
(513,28,'Friday',5,2,1999),
(514,29,'Saturday',5,2,1999),
(515,30,'Sunday',5,2,1999),
(516,31,'Monday',5,2,1999),
(517,1,'Tuesday',6,2,1999),
(518,2,'Wednesday',6,2,1999),
(519,3,'Thursday',6,2,1999),
(520,4,'Friday',6,2,1999),
(521,5,'Saturday',6,2,1999),
(522,6,'Sunday',6,2,1999),
(523,7,'Monday',6,2,1999),
(524,8,'Tuesday',6,2,1999),
(525,9,'Wednesday',6,2,1999),
(526,10,'Thursday',6,2,1999),
(527,11,'Friday',6,2,1999),
(528,12,'Saturday',6,2,1999),
(529,13,'Sunday',6,2,1999),
(530,14,'Monday',6,2,1999),
(531,15,'Tuesday',6,2,1999),
(532,16,'Wednesday',6,2,1999),
(533,17,'Thursday',6,2,1999),
(534,18,'Friday',6,2,1999),
(535,19,'Saturday',6,2,1999),
(536,20,'Sunday',6,2,1999),
(537,21,'Monday',6,2,1999),
(538,22,'Tuesday',6,2,1999),
(539,23,'Wednesday',6,2,1999),
(540,24,'Thursday',6,2,1999),
(541,25,'Friday',6,2,1999),
(542,26,'Saturday',6,2,1999),
(543,27,'Sunday',6,2,1999),
(544,28,'Monday',6,2,1999),
(545,29,'Tuesday',6,2,1999),
(546,30,'Wednesday',6,2,1999),
(547,1,'Thursday',7,3,1999),
(548,2,'Friday',7,3,1999),
(549,3,'Saturday',7,3,1999),
(550,4,'Sunday',7,3,1999),
(551,5,'Monday',7,3,1999),
(552,6,'Tuesday',7,3,1999),
(553,7,'Wednesday',7,3,1999),
(554,8,'Thursday',7,3,1999),
(555,9,'Friday',7,3,1999),
(556,10,'Saturday',7,3,1999),
(557,11,'Sunday',7,3,1999),
(558,12,'Monday',7,3,1999),
(559,13,'Tuesday',7,3,1999),
(560,14,'Wednesday',7,3,1999),
(561,15,'Thursday',7,3,1999),
(562,16,'Friday',7,3,1999),
(563,17,'Saturday',7,3,1999),
(564,18,'Sunday',7,3,1999),
(565,19,'Monday',7,3,1999),
(566,20,'Tuesday',7,3,1999),
(567,21,'Wednesday',7,3,1999),
(568,22,'Thursday',7,3,1999),
(569,23,'Friday',7,3,1999),
(570,24,'Saturday',7,3,1999),
(571,25,'Sunday',7,3,1999),
(572,26,'Monday',7,3,1999),
(573,27,'Tuesday',7,3,1999),
(574,28,'Wednesday',7,3,1999),
(575,29,'Thursday',7,3,1999),
(576,30,'Friday',7,3,1999),
(577,31,'Saturday',7,3,1999),
(578,1,'Sunday',8,3,1999),
(579,2,'Monday',8,3,1999),
(580,3,'Tuesday',8,3,1999),
(581,4,'Wednesday',8,3,1999),
(582,5,'Thursday' , 8,3,1999);
INSERT INTO times (time_key, day, day_of_the_week, month, quarter, year) VALUES
(583,6,'Friday',8,3,1999),
(584,7,'Saturday',8,3,1999),
(585,8,'Sunday',8,3,1999),
(586,9,'Monday',8,3,1999),
(587,10,'Tuesday',8,3,1999),
(588,11,'Wednesday',8,3,1999),
(589,12,'Thursday',8,3,1999),
(590,13,'Friday',8,3,1999),
(591,14,'Saturday',8,3,1999),
(592,15,'Sunday',8,3,1999),
(593,16,'Monday',8,3,1999),
(594,17,'Tuesday',8,3,1999),
(595,18,'Wednesday',8,3,1999),
(596,19,'Thursday',8,3,1999),
(597,20,'Friday',8,3,1999),
(598,21,'Saturday',8,3,1999),
(599,22,'Sunday',8,3,1999),
(600,23,'Monday',8,3,1999),
(601,24,'Tuesday',8,3,1999),
(602,25,'Wednesday',8,3,1999),
(603,26,'Thursday',8,3,1999),
(604,27,'Friday',8,3,1999),
(605,28,'Saturday',8,3,1999),
(606,29,'Sunday',8,3,1999),
(607,30,'Monday',8,3,1999),
(608,31,'Tuesday',8,3,1999),
(609,1,'Wednesday',9,3,1999),
(610,2,'Thursday',9,3,1999),
(611,3,'Friday',9,3,1999),
(612,4,'Saturday',9,3,1999),
(613,5,'Sunday',9,3,1999),
(614,6,'Monday',9,3,1999),
(615,7,'Tuesday',9,3,1999),
(616,8,'Wednesday',9,3,1999),
(617,9,'Thursday',9,3,1999),
(618,10,'Friday',9,3,1999),
(619,11,'Saturday',9,3,1999),
(620,12,'Sunday',9,3,1999),
(621,13,'Monday',9,3,1999),
(622,14,'Tuesday',9,3,1999),
(623,15,'Wednesday',9,3,1999),
(624,16,'Thursday',9,3,1999),
(625,17,'Friday',9,3,1999),
(626,18,'Saturday',9,3,1999),
(627,19,'Sunday',9,3,1999),
(628,20,'Monday',9,3,1999),
(629,21,'Tuesday',9,3,1999),
(630,22,'Wednesday',9,3,1999),
(631,23,'Thursday',9,3,1999),
(632,24,'Friday',9,3,1999),
(633,25,'Saturday',9,3,1999),
(634,26,'Sunday',9,3,1999),
(635,27,'Monday',9,3,1999),
(636,28,'Tuesday',9,3,1999),
(637,29,'Wednesday',9,3,1999),
(638,30,'Thursday',9,3,1999),
(639,1,'Friday',10,4,1999),
(640,2,'Saturday',10,4,1999),
(641,3,'Sunday',10,4,1999),
(642,4,'Monday',10,4,1999),
(643,5,'Tuesday',10,4,1999),
(644,6,'Wednesday',10,4,1999),
(645,7,'Thursday',10,4,1999),
(646,8,'Friday',10,4,1999),
(647,9,'Saturday',10,4,1999),
(648,10,'Sunday',10,4,1999),
(649,11,'Monday',10,4,1999),
(650,12,'Tuesday',10,4,1999),
(651,13,'Wednesday',10,4,1999),
(652,14,'Thursday',10,4,1999),
(653,15,'Friday',10,4,1999),
(654,16,'Saturday',10,4,1999),
(655,17,'Sunday',10,4,1999),
(656,18,'Monday',10,4,1999),
(657,19,'Tuesday',10,4,1999),
(658,20,'Wednesday',10,4,1999),
(659,21,'Thursday',10,4,1999),
(660,22,'Friday',10,4,1999),
(661,23,'Saturday',10,4,1999),
(662,24,'Sunday',10,4,1999),
(663,25,'Monday',10,4,1999),
(664,26,'Tuesday',10,4,1999),
(665,27,'Wednesday',10,4,1999),
(666,28,'Thursday',10,4,1999),
(667,29,'Friday',10,4,1999),
(668,30,'Saturday',10,4,1999),
(669,31,'Sunday',10,4,1999),
(670,1,'Monday',11,4,1999),
(671,2,'Tuesday',11,4,1999),
(672,3,'Wednesday',11,4,1999),
(673,4,'Thursday',11,4,1999),
(674,5,'Friday',11,4,1999),
(675,6,'Saturday',11,4,1999),
(676,7,'Sunday',11,4,1999),
(677,8,'Monday',11,4,1999),
(678,9,'Tuesday',11,4,1999),
(679,10,'Wednesday',11,4,1999),
(680,11,'Thursday',11,4,1999),
(681,12,'Friday',11,4,1999),
(682,13,'Saturday',11,4,1999),
(683,14,'Sunday',11,4,1999),
(684,15,'Monday',11,4,1999),
(685,16,'Tuesday',11,4,1999),
(686,17,'Wednesday',11,4,1999),
(687,18,'Thursday',11,4,1999),
(688,19,'Friday',11,4,1999),
(689,20,'Saturday',11,4,1999),
(690,21,'Sunday',11,4,1999),
(691,22,'Monday',11,4,1999),
(692,23,'Tuesday',11,4,1999),
(693,24,'Wednesday',11,4,1999),
(694,25,'Thursday',11,4,1999),
(695,26,'Friday',11,4,1999),
(696,27,'Saturday',11,4,1999),
(697,28,'Sunday',11,4,1999),
(698,29,'Monday',11,4,1999),
(699,30,'Tuesday',11,4,1999),
(700,1,'Wednesday',12,4,1999),
(701,2,'Thursday',12,4,1999),
(702,3,'Friday',12,4,1999),
(703,4,'Saturday',12,4,1999),
(704,5,'Sunday',12,4,1999),
(705,6,'Monday',12,4,1999),
(706,7,'Tuesday',12,4,1999),
(707,8,'Wednesday',12,4,1999),
(708,9,'Thursday',12,4,1999),
(709,10,'Friday',12,4,1999),
(710,11,'Saturday',12,4,1999),
(711,12,'Sunday',12,4,1999),
(712,13,'Monday',12,4,1999),
(713,14,'Tuesday',12,4,1999),
(714,15,'Wednesday',12,4,1999),
(715,16,'Thursday',12,4,1999),
(716,17,'Friday',12,4,1999),
(717,18,'Saturday',12,4,1999),
(718,19,'Sunday',12,4,1999),
(719,20,'Monday',12,4,1999),
(720,21,'Tuesday',12,4,1999),
(721,22,'Wednesday',12,4,1999),
(722,23,'Thursday',12,4,1999),
(723,24,'Friday',12,4,1999),
(724,25,'Saturday',12,4,1999),
(725,26,'Sunday',12,4,1999),
(726,27,'Monday',12,4,1999),
(727,28,'Tuesday',12,4,1999),
(728,29,'Wednesday',12,4,1999),
(729,30,'Thursday',12,4,1999),
(730,31,'Friday',12,4,1999),
(731,1,'Saturday',1,1,2000),
(732,2,'Sunday',1,1,2000),
(733,3,'Monday',1,1,2000),
(734,4,'Tuesday',1,1,2000),
(735,5,'Wednesday',1,1,2000),
(736,6,'Thursday',1,1,2000),
(737,7,'Friday',1,1,2000),
(738,8,'Saturday',1,1,2000),
(739,9,'Sunday',1,1,2000),
(740,10,'Monday',1,1,2000),
(741,11,'Tuesday',1,1,2000),
(742,12,'Wednesday',1,1,2000),
(743,13,'Thursday',1,1,2000),
(744,14,'Friday',1,1,2000),
(745,15,'Saturday',1,1,2000),
(746,16,'Sunday',1,1,2000),
(747,17,'Monday',1,1,2000),
(748,18,'Tuesday',1,1,2000),
(749,19,'Wednesday',1,1,2000),
(750,20,'Thursday',1,1,2000),
(751,21,'Friday',1,1,2000),
(752,22,'Saturday',1,1,2000),
(753,23,'Sunday',1,1,2000),
(754,24,'Monday',1,1,2000),
(755,25,'Tuesday',1,1,2000),
(756,26,'Wednesday',1,1,2000),
(757,27,'Thursday',1,1,2000),
(758,28,'Friday',1,1,2000),
(759,29,'Saturday',1,1,2000),
(760,30,'Sunday',1,1,2000),
(761,31,'Monday',1,1,2000),
(762,1,'Tuesday',2,1,2000),
(763,2,'Wednesday',2,1,2000),
(764,3,'Thursday',2,1,2000),
(765,4,'Friday',2,1,2000),
(766,5,'Saturday',2,1,2000),
(767,6,'Sunday',2,1,2000),
(768,7,'Monday',2,1,2000),
(769,8,'Tuesday',2,1,2000),
(770,9,'Wednesday',2,1,2000),
(771,10,'Thursday',2,1,2000),
(772,11,'Friday',2,1,2000),
(773,12,'Saturday',2,1,2000),
(774,13,'Sunday',2,1,2000),
(775,14,'Monday',2,1,2000),
(776,15,'Tuesday',2,1,2000),
(777,16,'Wednesday',2,1,2000),
(778,17,'Thursday',2,1,2000),
(779,18,'Friday',2,1,2000),
(780,19,'Saturday',2,1,2000),
(781,20,'Sunday',2,1,2000),
(782,21,'Monday',2,1,2000),
(783,22,'Tuesday',2,1,2000),
(784,23,'Wednesday',2,1,2000),
(785,24,'Thursday',2,1,2000),
(786,25,'Friday',2,1,2000),
(787,26,'Saturday',2,1,2000),
(788,27,'Sunday',2,1,2000),
(789,28,'Monday',2,1,2000),
(790,29,'Tuesday',2,1,2000),
(791,1,'Wednesday',3,1,2000),
(792,2,'Thursday',3,1,2000),
(793,3,'Friday',3,1,2000),
(794,4,'Saturday',3,1,2000),
(795,5,'Sunday',3,1,2000),
(796,6,'Monday',3,1,2000),
(797,7,'Tuesday',3,1,2000),
(798,8,'Wednesday',3,1,2000),
(799,9,'Thursday',3,1,2000),
(800,10,'Friday',3,1,2000),
(801,11,'Saturday',3,1,2000),
(802,12,'Sunday',3,1,2000),
(803,13,'Monday',3,1,2000),
(804,14,'Tuesday',3,1,2000),
(805,15,'Wednesday',3,1,2000),
(806,16,'Thursday',3,1,2000),
(807,17,'Friday',3,1,2000),
(808,18,'Saturday',3,1,2000),
(809,19,'Sunday',3,1,2000),
(810,20,'Monday',3,1,2000),
(811,21,'Tuesday',3,1,2000),
(812,22,'Wednesday',3,1,2000),
(813,23,'Thursday',3,1,2000),
(814,24,'Friday',3,1,2000),
(815,25,'Saturday',3,1,2000),
(816,26,'Sunday',3,1,2000),
(817,27,'Monday',3,1,2000),
(818,28,'Tuesday',3,1,2000),
(819,29,'Wednesday',3,1,2000),
(820,30,'Thursday',3,1,2000),
(821,31,'Friday',3,1,2000),
(822,1,'Saturday',4,2,2000),
(823,2,'Sunday',4,2,2000),
(824,3,'Monday',4,2,2000),
(825,4,'Tuesday',4,2,2000),
(826,5,'Wednesday',4,2,2000),
(827,6,'Thursday',4,2,2000),
(828,7,'Friday',4,2,2000),
(829,8,'Saturday',4,2,2000),
(830,9,'Sunday',4,2,2000),
(831,10,'Monday',4,2,2000),
(832,11,'Tuesday',4,2,2000),
(833,12,'Wednesday',4,2,2000),
(834,13,'Thursday',4,2,2000),
(835,14,'Friday',4,2,2000),
(836,15,'Saturday',4,2,2000),
(837,16,'Sunday',4,2,2000),
(838,17,'Monday',4,2,2000),
(839,18,'Tuesday',4,2,2000),
(840,19,'Wednesday',4,2,2000),
(841,20,'Thursday',4,2,2000),
(842,21,'Friday',4,2,2000),
(843,22,'Saturday',4,2,2000),
(844,23,'Sunday',4,2,2000),
(845,24,'Monday',4,2,2000),
(846,25,'Tuesday',4,2,2000),
(847,26,'Wednesday',4,2,2000),
(848,27,'Thursday',4,2,2000),
(849,28,'Friday',4,2,2000),
(850,29,'Saturday',4,2,2000),
(851,30,'Sunday',4,2,2000),
(852,1,'Monday',5,2,2000),
(853,2,'Tuesday',5,2,2000),
(854,3,'Wednesday',5,2,2000),
(855,4,'Thursday',5,2,2000),
(856,5,'Friday',5,2,2000),
(857,6,'Saturday',5,2,2000),
(858,7,'Sunday',5,2,2000),
(859,8,'Monday',5,2,2000),
(860,9,'Tuesday',5,2,2000),
(861,10,'Wednesday',5,2,2000),
(862,11,'Thursday',5,2,2000),
(863,12,'Friday',5,2,2000),
(864,13,'Saturday',5,2,2000),
(865,14,'Sunday',5,2,2000),
(866,15,'Monday',5,2,2000),
(867,16,'Tuesday',5,2,2000),
(868,17,'Wednesday',5,2,2000),
(869,18,'Thursday',5,2,2000),
(870,19,'Friday',5,2,2000),
(871,20,'Saturday',5,2,2000),
(872,21,'Sunday',5,2,2000),
(873,22,'Monday',5,2,2000),
(874,23,'Tuesday',5,2,2000),
(875,24,'Wednesday',5,2,2000),
(876,25,'Thursday',5,2,2000),
(877,26,'Friday',5,2,2000),
(878,27,'Saturday',5,2,2000),
(879,28,'Sunday',5,2,2000),
(880,29,'Monday',5,2,2000),
(881,30,'Tuesday',5,2,2000),
(882,31,'Wednesday',5,2,2000),
(883,1,'Thursday',6,2,2000),
(884,2,'Friday',6,2,2000),
(885,3,'Saturday',6,2,2000),
(886,4,'Sunday',6,2,2000),
(887,5,'Monday',6,2,2000),
(888,6,'Tuesday',6,2,2000),
(889,7,'Wednesday',6,2,2000),
(890,8,'Thursday',6,2,2000),
(891,9,'Friday',6,2,2000),
(892,10,'Saturday',6,2,2000),
(893,11,'Sunday',6,2,2000),
(894,12,'Monday',6,2,2000),
(895,13,'Tuesday',6,2,2000),
(896,14,'Wednesday',6,2,2000),
(897,15,'Thursday',6,2,2000),
(898,16,'Friday',6,2,2000),
(899,17,'Saturday',6,2,2000),
(900,18,'Sunday',6,2,2000),
(901,19,'Monday',6,2,2000),
(902,20,'Tuesday',6,2,2000),
(903,21,'Wednesday',6,2,2000),
(904,22,'Thursday',6,2,2000),
(905,23,'Friday',6,2,2000),
(906,24,'Saturday',6,2,2000),
(907,25,'Sunday',6,2,2000),
(908,26,'Monday',6,2,2000),
(909,27,'Tuesday',6,2,2000),
(910,28,'Wednesday',6,2,2000),
(911,29,'Thursday',6,2,2000),
(912,30,'Friday',6,2,2000),
(913,1,'Saturday',7,3,2000),
(914,2,'Sunday',7,3,2000),
(915,3,'Monday',7,3,2000),
(916,4,'Tuesday',7,3,2000),
(917,5,'Wednesday',7,3,2000),
(918,6,'Thursday',7,3,2000),
(919,7,'Friday',7,3,2000),
(920,8,'Saturday',7,3,2000),
(921,9,'Sunday',7,3,2000),
(922,10,'Monday',7,3,2000),
(923,11,'Tuesday',7,3,2000),
(924,12,'Wednesday',7,3,2000),
(925,13,'Thursday',7,3,2000),
(926,14,'Friday',7,3,2000),
(927,15,'Saturday',7,3,2000),
(928,16,'Sunday',7,3,2000),
(929,17,'Monday',7,3,2000),
(930,18,'Tuesday',7,3,2000),
(931,19,'Wednesday',7,3,2000),
(932,20,'Thursday',7,3,2000),
(933,21,'Friday',7,3,2000),
(934,22,'Saturday',7,3,2000),
(935,23,'Sunday',7,3,2000),
(936,24,'Monday',7,3,2000),
(937,25,'Tuesday',7,3,2000),
(938,26,'Wednesday',7,3,2000),
(939,27,'Thursday',7,3,2000),
(940,28,'Friday',7,3,2000),
(941,29,'Saturday',7,3,2000),
(942,30,'Sunday',7,3,2000),
(943,31,'Monday',7,3,2000),
(944,1,'Tuesday',8,3,2000),
(945,2,'Wednesday',8,3,2000),
(946,3,'Thursday',8,3,2000),
(947,4,'Friday',8,3,2000),
(948,5,'Saturday',8,3,2000),
(949,6,'Sunday',8,3,2000),
(950,7,'Monday',8,3,2000),
(951,8,'Tuesday',8,3,2000),
(952,9,'Wednesday',8,3,2000),
(953,10,'Thursday',8,3,2000),
(954,11,'Friday',8,3,2000),
(955,12,'Saturday',8,3,2000),
(956,13,'Sunday',8,3,2000),
(957,14,'Monday',8,3,2000),
(958,15,'Tuesday',8,3,2000),
(959,16,'Wednesday',8,3,2000),
(960,17,'Thursday',8,3,2000),
(961,18,'Friday',8,3,2000),
(962,19,'Saturday',8,3,2000),
(963,20,'Sunday',8,3,2000),
(964,21,'Monday',8,3,2000),
(965,22,'Tuesday',8,3,2000),
(966,23,'Wednesday',8,3,2000),
(967,24,'Thursday',8,3,2000),
(968,25,'Friday',8,3,2000),
(969,26,'Saturday',8,3,2000),
(970,27,'Sunday',8,3,2000),
(971,28,'Monday',8,3,2000),
(972,29,'Tuesday',8,3,2000),
(973,30,'Wednesday',8,3,2000),
(974,31,'Thursday',8,3,2000),
(975,1,'Friday',9,3,2000),
(976,2,'Saturday',9,3,2000),
(977,3,'Sunday',9,3,2000),
(978,4,'Monday',9,3,2000),
(979,5,'Tuesday',9,3,2000),
(980,6,'Wednesday',9,3,2000),
(981,7,'Thursday',9,3,2000),
(982,8,'Friday',9,3,2000),
(983,9,'Saturday',9,3,2000),
(984,10,'Sunday',9,3,2000),
(985,11,'Monday',9,3,2000),
(986,12,'Tuesday',9,3,2000),
(987,13,'Wednesday',9,3,2000),
(988,14,'Thursday',9,3,2000),
(989,15,'Friday',9,3,2000),
(990,16,'Saturday',9,3,2000),
(991,17,'Sunday',9,3,2000),
(992,18,'Monday',9,3,2000),
(993,19,'Tuesday',9,3,2000),
(994,20,'Wednesday',9,3,2000),
(995,21,'Thursday',9,3,2000),
(996,22,'Friday',9,3,2000),
(997,23,'Saturday',9,3,2000),
(998,24,'Sunday',9,3,2000),
(999,25,'Monday',9,3,2000),
(1000,26,'Tuesday',9,3,2000),
(1001,27,'Wednesday',9,3,2000),
(1002,28,'Thursday',9,3,2000),
(1003,29,'Friday',9,3,2000),
(1004,30,'Saturday',9,3,2000),
(1005,1,'Sunday',10,4,2000),
(1006,2,'Monday',10,4,2000),
(1007,3,'Tuesday',10,4,2000),
(1008,4,'Wednesday',10,4,2000),
(1009,5,'Thursday',10,4,2000),
(1010,6,'Friday',10,4,2000),
(1011,7,'Saturday',10,4,2000),
(1012,8,'Sunday',10,4,2000),
(1013,9,'Monday',10,4,2000),
(1014,10,'Tuesday',10,4,2000),
(1015,11,'Wednesday',10,4,2000),
(1016,12,'Thursday',10,4,2000),
(1017,13,'Friday',10,4,2000),
(1018,14,'Saturday',10,4,2000),
(1019,15,'Sunday',10,4,2000),
(1020,16,'Monday',10,4,2000),
(1021,17,'Tuesday',10,4,2000),
(1022,18,'Wednesday',10,4,2000),
(1023,19,'Thursday',10,4,2000),
(1024,20,'Friday',10,4,2000),
(1025,21,'Saturday',10,4,2000),
(1026,22,'Sunday',10,4,2000),
(1027,23,'Monday',10,4,2000),
(1028,24,'Tuesday',10,4,2000),
(1029,25,'Wednesday',10,4,2000),
(1030,26,'Thursday',10,4,2000),
(1031,27,'Friday',10,4,2000),
(1032,28,'Saturday',10,4,2000),
(1033,29,'Sunday',10,4,2000),
(1034,30,'Monday',10,4,2000),
(1035,31,'Tuesday',10,4,2000),
(1036,1,'Wednesday',11,4,2000),
(1037,2,'Thursday',11,4,2000),
(1038,3,'Friday',11,4,2000),
(1039,4,'Saturday',11,4,2000),
(1040,5,'Sunday',11,4,2000),
(1041,6,'Monday',11,4,2000),
(1042,7,'Tuesday',11,4,2000),
(1043,8,'Wednesday',11,4,2000),
(1044,9,'Thursday',11,4,2000),
(1045,10,'Friday',11,4,2000),
(1046,11,'Saturday',11,4,2000),
(1047,12,'Sunday',11,4,2000),
(1048,13,'Monday',11,4,2000),
(1049,14,'Tuesday',11,4,2000),
(1050,15,'Wednesday',11,4,2000),
(1051,16,'Thursday',11,4,2000),
(1052,17,'Friday',11,4,2000),
(1053,18,'Saturday',11,4,2000),
(1054,19,'Sunday',11,4,2000),
(1055,20,'Monday',11,4,2000),
(1056,21,'Tuesday',11,4,2000),
(1057,22,'Wednesday',11,4,2000),
(1058,23,'Thursday',11,4,2000),
(1059,24,'Friday',11,4,2000),
(1060,25,'Saturday',11,4,2000),
(1061,26,'Sunday',11,4,2000),
(1062,27,'Monday',11,4,2000),
(1063,28,'Tuesday',11,4,2000),
(1064,29,'Wednesday',11,4,2000),
(1065,30,'Thursday',11,4,2000),
(1066,1,'Friday',12,4,2000),
(1067,2,'Saturday',12,4,2000),
(1068,3,'Sunday',12,4,2000),
(1069,4,'Monday',12,4,2000),
(1070,5,'Tuesday',12,4,2000),
(1071,6,'Wednesday',12,4,2000),
(1072,7,'Thursday',12,4,2000),
(1073,8,'Friday',12,4,2000),
(1074,9,'Saturday',12,4,2000),
(1075,10,'Sunday',12,4,2000),
(1076,11,'Monday',12,4,2000),
(1077,12,'Tuesday',12,4,2000),
(1078,13,'Wednesday',12,4,2000),
(1079,14,'Thursday',12,4,2000),
(1080,15,'Friday',12,4,2000),
(1081,16,'Saturday',12,4,2000),
(1082,17,'Sunday',12,4,2000),
(1083,18,'Monday',12,4,2000),
(1084,19,'Tuesday',12,4,2000),
(1085,20,'Wednesday',12,4,2000),
(1086,21,'Thursday',12,4,2000),
(1087,22,'Friday',12,4,2000),
(1088,23,'Saturday',12,4,2000),
(1089,24,'Sunday',12,4,2000),
(1090,25,'Monday',12,4,2000),
(1091,26,'Tuesday',12,4,2000),
(1092,27,'Wednesday',12,4,2000),
(1093,28,'Thursday',12,4,2000),
(1094,29,'Friday',12,4,2000),
(1095,30,'Saturday',12,4,2000),
(1096,31,'Sunday',12,4,2000),
(1097,1,'Monday',1,1,2001),
(1098,2,'Tuesday',1,1,2001),
(1099,3,'Wednesday',1,1,2001),
(1100,4,'Thursday',1,1,2001),
(1101,5,'Friday',1,1,2001),
(1102,6,'Saturday',1,1,2001),
(1103,7,'Sunday',1,1,2001),
(1104,8,'Monday',1,1,2001),
(1105,9,'Tuesday',1,1,2001),
(1106,10,'Wednesday',1,1,2001),
(1107,11,'Thursday',1,1,2001),
(1108,12,'Friday',1,1,2001),
(1109,13,'Saturday',1,1,2001),
(1110,14,'Sunday',1,1,2001),
(1111,15,'Monday',1,1,2001),
(1112,16,'Tuesday',1,1,2001),
(1113,17,'Wednesday',1,1,2001),
(1114,18,'Thursday',1,1,2001),
(1115,19,'Friday',1,1,2001),
(1116,20,'Saturday',1,1,2001),
(1117,21,'Sunday',1,1,2001),
(1118,22,'Monday',1,1,2001),
(1119,23,'Tuesday',1,1,2001),
(1120,24,'Wednesday',1,1,2001),
(1121,25,'Thursday',1,1,2001),
(1122,26,'Friday',1,1,2001),
(1123,27,'Saturday',1,1,2001),
(1124,28,'Sunday',1,1,2001),
(1125,29,'Monday',1,1,2001),
(1126,30,'Tuesday',1,1,2001),
(1127,31,'Wednesday',1,1,2001),
(1128,1,'Thursday',2,1,2001),
(1129,2,'Friday',2,1,2001),
(1130,3,'Saturday',2,1,2001),
(1131,4,'Sunday',2,1,2001),
(1132,5,'Monday',2,1,2001),
(1133,6,'Tuesday',2,1,2001),
(1134,7,'Wednesday',2,1,2001),
(1135,8,'Thursday',2,1,2001),
(1136,9,'Friday',2,1,2001),
(1137,10,'Saturday',2,1,2001),
(1138,11,'Sunday',2,1,2001),
(1139,12,'Monday',2,1,2001),
(1140,13,'Tuesday',2,1,2001),
(1141,14,'Wednesday',2,1,2001),
(1142,15,'Thursday',2,1,2001),
(1143,16,'Friday',2,1,2001),
(1144,17,'Saturday',2,1,2001),
(1145,18,'Sunday',2,1,2001),
(1146,19,'Monday',2,1,2001),
(1147,20,'Tuesday',2,1,2001),
(1148,21,'Wednesday',2,1,2001),
(1149,22,'Thursday',2,1,2001),
(1150,23,'Friday',2,1,2001),
(1151,24,'Saturday',2,1,2001),
(1152,25,'Sunday',2,1,2001),
(1153,26,'Monday',2,1,2001),
(1154,27,'Tuesday',2,1,2001),
(1155,28,'Wednesday',2,1,2001),
(1156,1,'Thursday',3,1,2001),
(1157,2,'Friday',3,1,2001),
(1158,3,'Saturday',3,1,2001),
(1159,4,'Sunday',3,1,2001),
(1160,5,'Monday',3,1,2001),
(1161,6,'Tuesday',3,1,2001),
(1162,7,'Wednesday',3,1,2001),
(1163,8,'Thursday',3,1,2001),
(1164,9,'Friday',3,1,2001),
(1165,10,'Saturday',3,1,2001),
(1166,11,'Sunday',3,1,2001),
(1167,12,'Monday',3,1,2001),
(1168,13,'Tuesday',3,1,2001),
(1169,14,'Wednesday',3,1,2001),
(1170,15,'Thursday',3,1,2001),
(1171,16,'Friday',3,1,2001),
(1172,17,'Saturday',3,1,2001),
(1173,18,'Sunday',3,1,2001),
(1174,19,'Monday',3,1,2001),
(1175,20,'Tuesday',3,1,2001),
(1176,21,'Wednesday',3,1,2001),
(1177,22,'Thursday',3,1,2001),
(1178,23,'Friday',3,1,2001),
(1179,24,'Saturday',3,1,2001),
(1180,25,'Sunday',3,1,2001),
(1181,26,'Monday',3,1,2001),
(1182,27,'Tuesday',3,1,2001),
(1183,28,'Wednesday',3,1,2001),
(1184,29,'Thursday',3,1,2001),
(1185,30,'Friday',3,1,2001),
(1186,31,'Saturday',3,1,2001),
(1187,1,'Sunday',4,2,2001),
(1188,2,'Monday',4,2,2001),
(1189,3,'Tuesday',4,2,2001),
(1190,4,'Wednesday',4,2,2001),
(1191,5,'Thursday',4,2,2001),
(1192,6,'Friday',4,2,2001),
(1193,7,'Saturday',4,2,2001),
(1194,8,'Sunday',4,2,2001),
(1195,9,'Monday',4,2,2001),
(1196,10,'Tuesday',4,2,2001),
(1197,11,'Wednesday',4,2,2001),
(1198,12,'Thursday',4,2,2001),
(1199,13,'Friday',4,2,2001),
(1200,14,'Saturday',4,2,2001),
(1201,15,'Sunday',4,2,2001),
(1202,16,'Monday',4,2,2001),
(1203,17,'Tuesday',4,2,2001),
(1204,18,'Wednesday',4,2,2001),
(1205,19,'Thursday',4,2,2001),
(1206,20,'Friday',4,2,2001),
(1207,21,'Saturday',4,2,2001),
(1208,22,'Sunday',4,2,2001),
(1209,23,'Monday',4,2,2001),
(1210,24,'Tuesday',4,2,2001),
(1211,25,'Wednesday',4,2,2001),
(1212,26,'Thursday',4,2,2001),
(1213,27,'Friday',4,2,2001),
(1214,28,'Saturday',4,2,2001),
(1215,29,'Sunday',4,2,2001),
(1216,30,'Monday',4,2,2001),
(1217,1,'Tuesday',5,2,2001),
(1218,2,'Wednesday',5,2,2001),
(1219,3,'Thursday',5,2,2001),
(1220,4,'Friday',5,2,2001),
(1221,5,'Saturday',5,2,2001),
(1222,6,'Sunday',5,2,2001),
(1223,7,'Monday',5,2,2001),
(1224,8,'Tuesday',5,2,2001),
(1225,9,'Wednesday',5,2,2001),
(1226,10,'Thursday',5,2,2001),
(1227,11,'Friday',5,2,2001),
(1228,12,'Saturday',5,2,2001);
INSERT INTO times (time_key, day, day_of_the_week, month, quarter, year) VALUES
(1229,13,'Sunday',5,2,2001),
(1230,14,'Monday',5,2,2001),
(1231,15,'Tuesday',5,2,2001),
(1232,16,'Wednesday',5,2,2001),
(1233,17,'Thursday',5,2,2001),
(1234,18,'Friday',5,2,2001),
(1235,19,'Saturday',5,2,2001),
(1236,20,'Sunday',5,2,2001),
(1237,21,'Monday',5,2,2001),
(1238,22,'Tuesday',5,2,2001),
(1239,23,'Wednesday',5,2,2001),
(1240,24,'Thursday',5,2,2001),
(1241,25,'Friday',5,2,2001),
(1242,26,'Saturday',5,2,2001),
(1243,27,'Sunday',5,2,2001),
(1244,28,'Monday',5,2,2001),
(1245,29,'Tuesday',5,2,2001),
(1246,30,'Wednesday',5,2,2001),
(1247,31,'Thursday',5,2,2001),
(1248,1,'Friday',6,2,2001),
(1249,2,'Saturday',6,2,2001),
(1250,3,'Sunday',6,2,2001),
(1251,4,'Monday',6,2,2001),
(1252,5,'Tuesday',6,2,2001),
(1253,6,'Wednesday',6,2,2001),
(1254,7,'Thursday',6,2,2001),
(1255,8,'Friday',6,2,2001),
(1256,9,'Saturday',6,2,2001),
(1257,10,'Sunday',6,2,2001),
(1258,11,'Monday',6,2,2001),
(1259,12,'Tuesday',6,2,2001),
(1260,13,'Wednesday',6,2,2001),
(1261,14,'Thursday',6,2,2001),
(1262,15,'Friday',6,2,2001),
(1263,16,'Saturday',6,2,2001),
(1264,17,'Sunday',6,2,2001),
(1265,18,'Monday',6,2,2001),
(1266,19,'Tuesday',6,2,2001),
(1267,20,'Wednesday',6,2,2001),
(1268,21,'Thursday',6,2,2001),
(1269,22,'Friday',6,2,2001),
(1270,23,'Saturday',6,2,2001),
(1271,24,'Sunday',6,2,2001),
(1272,25,'Monday',6,2,2001),
(1273,26,'Tuesday',6,2,2001),
(1274,27,'Wednesday',6,2,2001),
(1275,28,'Thursday',6,2,2001),
(1276,29,'Friday',6,2,2001),
(1277,30,'Saturday',6,2,2001),
(1278,1,'Sunday',7,3,2001),
(1279,2,'Monday',7,3,2001),
(1280,3,'Tuesday',7,3,2001),
(1281,4,'Wednesday',7,3,2001),
(1282,5,'Thursday',7,3,2001),
(1283,6,'Friday',7,3,2001),
(1284,7,'Saturday',7,3,2001),
(1285,8,'Sunday',7,3,2001),
(1286,9,'Monday',7,3,2001),
(1287,10,'Tuesday',7,3,2001),
(1288,11,'Wednesday',7,3,2001),
(1289,12,'Thursday',7,3,2001),
(1290,13,'Friday',7,3,2001),
(1291,14,'Saturday',7,3,2001),
(1292,15,'Sunday',7,3,2001),
(1293,16,'Monday',7,3,2001),
(1294,17,'Tuesday',7,3,2001),
(1295,18,'Wednesday',7,3,2001),
(1296,19,'Thursday',7,3,2001),
(1297,20,'Friday',7,3,2001),
(1298,21,'Saturday',7,3,2001),
(1299,22,'Sunday',7,3,2001),
(1300,23,'Monday',7,3,2001),
(1301,24,'Tuesday',7,3,2001),
(1302,25,'Wednesday',7,3,2001),
(1303,26,'Thursday',7,3,2001),
(1304,27,'Friday',7,3,2001),
(1305,28,'Saturday',7,3,2001),
(1306,29,'Sunday',7,3,2001),
(1307,30,'Monday',7,3,2001),
(1308,31,'Tuesday',7,3,2001),
(1309,1,'Wednesday',8,3,2001),
(1310,2,'Thursday',8,3,2001),
(1311,3,'Friday',8,3,2001),
(1312,4,'Saturday',8,3,2001),
(1313,5,'Sunday',8,3,2001),
(1314,6,'Monday',8,3,2001),
(1315,7,'Tuesday',8,3,2001),
(1316,8,'Wednesday',8,3,2001),
(1317,9,'Thursday',8,3,2001),
(1318,10,'Friday',8,3,2001),
(1319,11,'Saturday',8,3,2001),
(1320,12,'Sunday',8,3,2001),
(1321,13,'Monday',8,3,2001),
(1322,14,'Tuesday',8,3,2001),
(1323,15,'Wednesday',8,3,2001),
(1324,16,'Thursday',8,3,2001),
(1325,17,'Friday',8,3,2001),
(1326,18,'Saturday',8,3,2001),
(1327,19,'Sunday',8,3,2001),
(1328,20,'Monday',8,3,2001),
(1329,21,'Tuesday',8,3,2001),
(1330,22,'Wednesday',8,3,2001),
(1331,23,'Thursday',8,3,2001),
(1332,24,'Friday',8,3,2001),
(1333,25,'Saturday',8,3,2001),
(1334,26,'Sunday',8,3,2001),
(1335,27,'Monday',8,3,2001),
(1336,28,'Tuesday',8,3,2001),
(1337,29,'Wednesday',8,3,2001),
(1338,30,'Thursday',8,3,2001),
(1339,31,'Friday',8,3,2001),
(1340,1,'Saturday',9,3,2001),
(1341,2,'Sunday',9,3,2001),
(1342,3,'Monday',9,3,2001),
(1343,4,'Tuesday',9,3,2001),
(1344,5,'Wednesday',9,3,2001),
(1345,6,'Thursday',9,3,2001),
(1346,7,'Friday',9,3,2001),
(1347,8,'Saturday',9,3,2001),
(1348,9,'Sunday',9,3,2001),
(1349,10,'Monday',9,3,2001),
(1350,11,'Tuesday',9,3,2001),
(1351,12,'Wednesday',9,3,2001),
(1352,13,'Thursday',9,3,2001),
(1353,14,'Friday',9,3,2001),
(1354,15,'Saturday',9,3,2001),
(1355,16,'Sunday',9,3,2001),
(1356,17,'Monday',9,3,2001),
(1357,18,'Tuesday',9,3,2001),
(1358,19,'Wednesday',9,3,2001),
(1359,20,'Thursday',9,3,2001),
(1360,21,'Friday',9,3,2001),
(1361,22,'Saturday',9,3,2001),
(1362,23,'Sunday',9,3,2001),
(1363,24,'Monday',9,3,2001),
(1364,25,'Tuesday',9,3,2001),
(1365,26,'Wednesday',9,3,2001),
(1366,27,'Thursday',9,3,2001),
(1367,28,'Friday',9,3,2001),
(1368,29,'Saturday',9,3,2001),
(1369,30,'Sunday',9,3,2001),
(1370,1,'Monday',10,4,2001),
(1371,2,'Tuesday',10,4,2001),
(1372,3,'Wednesday',10,4,2001),
(1373,4,'Thursday',10,4,2001),
(1374,5,'Friday',10,4,2001),
(1375,6,'Saturday',10,4,2001),
(1376,7,'Sunday',10,4,2001),
(1377,8,'Monday',10,4,2001),
(1378,9,'Tuesday',10,4,2001),
(1379,10,'Wednesday',10,4,2001),
(1380,11,'Thursday',10,4,2001),
(1381,12,'Friday',10,4,2001),
(1382,13,'Saturday',10,4,2001),
(1383,14,'Sunday',10,4,2001),
(1384,15,'Monday',10,4,2001),
(1385,16,'Tuesday',10,4,2001),
(1386,17,'Wednesday',10,4,2001),
(1387,18,'Thursday',10,4,2001),
(1388,19,'Friday',10,4,2001),
(1389,20,'Saturday',10,4,2001),
(1390,21,'Sunday',10,4,2001),
(1391,22,'Monday',10,4,2001),
(1392,23,'Tuesday',10,4,2001),
(1393,24,'Wednesday',10,4,2001),
(1394,25,'Thursday',10,4,2001),
(1395,26,'Friday',10,4,2001),
(1396,27,'Saturday',10,4,2001),
(1397,28,'Sunday',10,4,2001),
(1398,29,'Monday',10,4,2001),
(1399,30,'Tuesday',10,4,2001),
(1400,31,'Wednesday',10,4,2001),
(1401,1,'Thursday',11,4,2001),
(1402,2,'Friday',11,4,2001),
(1403,3,'Saturday',11,4,2001),
(1404,4,'Sunday',11,4,2001),
(1405,5,'Monday',11,4,2001),
(1406,6,'Tuesday',11,4,2001),
(1407,7,'Wednesday',11,4,2001),
(1408,8,'Thursday',11,4,2001),
(1409,9,'Friday',11,4,2001),
(1410,10,'Saturday',11,4,2001),
(1411,11,'Sunday',11,4,2001),
(1412,12,'Monday',11,4,2001),
(1413,13,'Tuesday',11,4,2001),
(1414,14,'Wednesday',11,4,2001),
(1415,15,'Thursday',11,4,2001),
(1416,16,'Friday',11,4,2001),
(1417,17,'Saturday',11,4,2001),
(1418,18,'Sunday',11,4,2001),
(1419,19,'Monday',11,4,2001),
(1420,20,'Tuesday',11,4,2001),
(1421,21,'Wednesday',11,4,2001),
(1422,22,'Thursday',11,4,2001),
(1423,23,'Friday',11,4,2001),
(1424,24,'Saturday',11,4,2001),
(1425,25,'Sunday',11,4,2001),
(1426,26,'Monday',11,4,2001),
(1427,27,'Tuesday',11,4,2001),
(1428,28,'Wednesday',11,4,2001),
(1429,29,'Thursday',11,4,2001),
(1430,30,'Friday',11,4,2001),
(1431,1,'Saturday',12,4,2001),
(1432,2,'Sunday',12,4,2001),
(1433,3,'Monday',12,4,2001),
(1434,4,'Tuesday',12,4,2001),
(1435,5,'Wednesday',12,4,2001),
(1436,6,'Thursday',12,4,2001),
(1437,7,'Friday',12,4,2001),
(1438,8,'Saturday',12,4,2001),
(1439,9,'Sunday',12,4,2001),
(1440,10,'Monday',12,4,2001),
(1441,11,'Tuesday',12,4,2001),
(1442,12,'Wednesday',12,4,2001),
(1443,13,'Thursday',12,4,2001),
(1444,14,'Friday',12,4,2001),
(1445,15,'Saturday',12,4,2001),
(1446,16,'Sunday',12,4,2001),
(1447,17,'Monday',12,4,2001),
(1448,18,'Tuesday',12,4,2001),
(1449,19,'Wednesday',12,4,2001),
(1450,20,'Thursday',12,4,2001),
(1451,21,'Friday',12,4,2001),
(1452,22,'Saturday',12,4,2001),
(1453,23,'Sunday',12,4,2001),
(1454,24,'Monday',12,4,2001),
(1455,25,'Tuesday',12,4,2001),
(1456,26,'Wednesday',12,4,2001),
(1457,27,'Thursday',12,4,2001),
(1458,28,'Friday',12,4,2001),
(1459,29,'Saturday',12,4,2001),
(1460,30,'Sunday',12,4,2001),
(1461,31,'Monday',12,4,2001),
(1462,1,'Tuesday',1,1,2002),
(1463,2,'Wednesday',1,1,2002),
(1464,3,'Thursday',1,1,2002),
(1465,4,'Friday',1,1,2002),
(1466,5,'Saturday',1,1,2002),
(1467,6,'Sunday',1,1,2002),
(1468,7,'Monday',1,1,2002),
(1469,8,'Tuesday',1,1,2002),
(1470,9,'Wednesday',1,1,2002),
(1471,10,'Thursday',1,1,2002),
(1472,11,'Friday',1,1,2002),
(1473,12,'Saturday',1,1,2002),
(1474,13,'Sunday',1,1,2002),
(1475,14,'Monday',1,1,2002),
(1476,15,'Tuesday',1,1,2002),
(1477,16,'Wednesday',1,1,2002),
(1478,17,'Thursday',1,1,2002),
(1479,18,'Friday',1,1,2002),
(1480,19,'Saturday',1,1,2002),
(1481,20,'Sunday',1,1,2002),
(1482,21,'Monday',1,1,2002),
(1483,22,'Tuesday',1,1,2002),
(1484,23,'Wednesday',1,1,2002),
(1485,24,'Thursday',1,1,2002),
(1486,25,'Friday',1,1,2002),
(1487,26,'Saturday',1,1,2002),
(1488,27,'Sunday',1,1,2002),
(1489,28,'Monday',1,1,2002),
(1490,29,'Tuesday',1,1,2002),
(1491,30,'Wednesday',1,1,2002),
(1492,31,'Thursday',1,1,2002),
(1493,1,'Friday',2,1,2002),
(1494,2,'Saturday',2,1,2002),
(1495,3,'Sunday',2,1,2002),
(1496,4,'Monday',2,1,2002),
(1497,5,'Tuesday',2,1,2002),
(1498,6,'Wednesday',2,1,2002),
(1499,7,'Thursday',2,1,2002),
(1500,8,'Friday',2,1,2002),
(1501,9,'Saturday',2,1,2002),
(1502,10,'Sunday',2,1,2002),
(1503,11,'Monday',2,1,2002),
(1504,12,'Tuesday',2,1,2002),
(1505,13,'Wednesday',2,1,2002),
(1506,14,'Thursday',2,1,2002),
(1507,15,'Friday',2,1,2002),
(1508,16,'Saturday',2,1,2002),
(1509,17,'Sunday',2,1,2002),
(1510,18,'Monday',2,1,2002),
(1511,19,'Tuesday',2,1,2002),
(1512,20,'Wednesday',2,1,2002),
(1513,21,'Thursday',2,1,2002),
(1514,22,'Friday',2,1,2002),
(1515,23,'Saturday',2,1,2002),
(1516,24,'Sunday',2,1,2002),
(1517,25,'Monday',2,1,2002),
(1518,26,'Tuesday',2,1,2002),
(1519,27,'Wednesday',2,1,2002),
(1520,28,'Thursday',2,1,2002),
(1521,1,'Friday',3,1,2002),
(1522,2,'Saturday',3,1,2002),
(1523,3,'Sunday',3,1,2002),
(1524,4,'Monday',3,1,2002),
(1525,5,'Tuesday',3,1,2002),
(1526,6,'Wednesday',3,1,2002),
(1527,7,'Thursday',3,1,2002),
(1528,8,'Friday',3,1,2002),
(1529,9,'Saturday',3,1,2002),
(1530,10,'Sunday',3,1,2002),
(1531,11,'Monday',3,1,2002),
(1532,12,'Tuesday',3,1,2002),
(1533,13,'Wednesday',3,1,2002),
(1534,14,'Thursday',3,1,2002),
(1535,15,'Friday',3,1,2002),
(1536,16,'Saturday',3,1,2002),
(1537,17,'Sunday',3,1,2002),
(1538,18,'Monday',3,1,2002),
(1539,19,'Tuesday',3,1,2002),
(1540,20,'Wednesday',3,1,2002),
(1541,21,'Thursday',3,1,2002),
(1542,22,'Friday',3,1,2002),
(1543,23,'Saturday',3,1,2002),
(1544,24,'Sunday',3,1,2002),
(1545,25,'Monday',3,1,2002),
(1546,26,'Tuesday',3,1,2002),
(1547,27,'Wednesday',3,1,2002),
(1548,28,'Thursday',3,1,2002),
(1549,29,'Friday',3,1,2002),
(1550,30,'Saturday',3,1,2002),
(1551,31,'Sunday',3,1,2002),
(1552,1,'Monday',4,2,2002),
(1553,2,'Tuesday',4,2,2002),
(1554,3,'Wednesday',4,2,2002),
(1555,4,'Thursday',4,2,2002),
(1556,5,'Friday',4,2,2002),
(1557,6,'Saturday',4,2,2002),
(1558,7,'Sunday',4,2,2002),
(1559,8,'Monday',4,2,2002),
(1560,9,'Tuesday',4,2,2002),
(1561,10,'Wednesday',4,2,2002),
(1562,11,'Thursday',4,2,2002),
(1563,12,'Friday',4,2,2002),
(1564,13,'Saturday',4,2,2002),
(1565,14,'Sunday',4,2,2002),
(1566,15,'Monday',4,2,2002),
(1567,16,'Tuesday',4,2,2002),
(1568,17,'Wednesday',4,2,2002),
(1569,18,'Thursday',4,2,2002),
(1570,19,'Friday',4,2,2002),
(1571,20,'Saturday',4,2,2002),
(1572,21,'Sunday',4,2,2002),
(1573,22,'Monday',4,2,2002),
(1574,23,'Tuesday',4,2,2002),
(1575,24,'Wednesday',4,2,2002),
(1576,25,'Thursday',4,2,2002),
(1577,26,'Friday',4,2,2002),
(1578,27,'Saturday',4,2,2002),
(1579,28,'Sunday',4,2,2002),
(1580,29,'Monday',4,2,2002),
(1581,30,'Tuesday',4,2,2002),
(1582,1,'Wednesday',5,2,2002),
(1583,2,'Thursday',5,2,2002),
(1584,3,'Friday',5,2,2002),
(1585,4,'Saturday',5,2,2002),
(1586,5,'Sunday',5,2,2002),
(1587,6,'Monday',5,2,2002),
(1588,7,'Tuesday',5,2,2002),
(1589,8,'Wednesday',5,2,2002),
(1590,9,'Thursday',5,2,2002),
(1591,10,'Friday',5,2,2002),
(1592,11,'Saturday',5,2,2002),
(1593,12,'Sunday',5,2,2002),
(1594,13,'Monday',5,2,2002),
(1595,14,'Tuesday',5,2,2002),
(1596,15,'Wednesday',5,2,2002),
(1597,16,'Thursday',5,2,2002),
(1598,17,'Friday',5,2,2002),
(1599,18,'Saturday',5,2,2002),
(1600,19,'Sunday',5,2,2002),
(1601,20,'Monday',5,2,2002),
(1602,21,'Tuesday',5,2,2002),
(1603,22,'Wednesday',5,2,2002),
(1604,23,'Thursday',5,2,2002),
(1605,24,'Friday',5,2,2002),
(1606,25,'Saturday',5,2,2002),
(1607,26,'Sunday',5,2,2002),
(1608,27,'Monday',5,2,2002),
(1609,28,'Tuesday',5,2,2002),
(1610,29,'Wednesday',5,2,2002),
(1611,30,'Thursday',5,2,2002),
(1612,31,'Friday',5,2,2002),
(1613,1,'Saturday',6,2,2002),
(1614,2,'Sunday',6,2,2002),
(1615,3,'Monday',6,2,2002),
(1616,4,'Tuesday',6,2,2002),
(1617,5,'Wednesday',6,2,2002),
(1618,6,'Thursday',6,2,2002),
(1619,7,'Friday',6,2,2002),
(1620,8,'Saturday',6,2,2002),
(1621,9,'Sunday',6,2,2002),
(1622,10,'Monday',6,2,2002),
(1623,11,'Tuesday',6,2,2002),
(1624,12,'Wednesday',6,2,2002),
(1625,13,'Thursday',6,2,2002),
(1626,14,'Friday',6,2,2002),
(1627,15,'Saturday',6,2,2002),
(1628,16,'Sunday',6,2,2002),
(1629,17,'Monday',6,2,2002),
(1630,18,'Tuesday',6,2,2002),
(1631,19,'Wednesday',6,2,2002),
(1632,20,'Thursday',6,2,2002),
(1633,21,'Friday',6,2,2002),
(1634,22,'Saturday',6,2,2002),
(1635,23,'Sunday',6,2,2002),
(1636,24,'Monday',6,2,2002),
(1637,25,'Tuesday',6,2,2002),
(1638,26,'Wednesday',6,2,2002),
(1639,27,'Thursday',6,2,2002),
(1640,28,'Friday',6,2,2002),
(1641,29,'Saturday',6,2,2002),
(1642,30,'Sunday',6,2,2002),
(1643,1,'Monday',7,3,2002),
(1644,2,'Tuesday',7,3,2002),
(1645,3,'Wednesday',7,3,2002),
(1646,4,'Thursday',7,3,2002),
(1647,5,'Friday',7,3,2002),
(1648,6,'Saturday',7,3,2002),
(1649,7,'Sunday',7,3,2002),
(1650,8,'Monday',7,3,2002),
(1651,9,'Tuesday',7,3,2002),
(1652,10,'Wednesday',7,3,2002),
(1653,11,'Thursday',7,3,2002),
(1654,12,'Friday',7,3,2002),
(1655,13,'Saturday',7,3,2002),
(1656,14,'Sunday',7,3,2002),
(1657,15,'Monday',7,3,2002),
(1658,16,'Tuesday',7,3,2002),
(1659,17,'Wednesday',7,3,2002),
(1660,18,'Thursday',7,3,2002),
(1661,19,'Friday',7,3,2002),
(1662,20,'Saturday',7,3,2002),
(1663,21,'Sunday',7,3,2002),
(1664,22,'Monday',7,3,2002),
(1665,23,'Tuesday',7,3,2002),
(1666,24,'Wednesday',7,3,2002),
(1667,25,'Thursday',7,3,2002),
(1668,26,'Friday',7,3,2002),
(1669,27,'Saturday',7,3,2002),
(1670,28,'Sunday',7,3,2002),
(1671,29,'Monday',7,3,2002),
(1672,30,'Tuesday',7,3,2002),
(1673,31,'Wednesday',7,3,2002),
(1674,1,'Thursday',8,3,2002),
(1675,2,'Friday',8,3,2002),
(1676,3,'Saturday',8,3,2002),
(1677,4,'Sunday',8,3,2002),
(1678,5,'Monday',8,3,2002),
(1679,6,'Tuesday',8,3,2002),
(1680,7,'Wednesday',8,3,2002),
(1681,8,'Thursday',8,3,2002),
(1682,9,'Friday',8,3,2002),
(1683,10,'Saturday',8,3,2002),
(1684,11,'Sunday',8,3,2002),
(1685,12,'Monday',8,3,2002),
(1686,13,'Tuesday',8,3,2002),
(1687,14,'Wednesday',8,3,2002),
(1688,15,'Thursday',8,3,2002),
(1689,16,'Friday',8,3,2002),
(1690,17,'Saturday',8,3,2002),
(1691,18,'Sunday',8,3,2002),
(1692,19,'Monday',8,3,2002),
(1693,20,'Tuesday',8,3,2002),
(1694,21,'Wednesday',8,3,2002),
(1695,22,'Thursday',8,3,2002),
(1696,23,'Friday',8,3,2002),
(1697,24,'Saturday',8,3,2002),
(1698,25,'Sunday',8,3,2002),
(1699,26,'Monday',8,3,2002),
(1700,27,'Tuesday',8,3,2002),
(1701,28,'Wednesday',8,3,2002),
(1702,29,'Thursday',8,3,2002),
(1703,30,'Friday',8,3,2002),
(1704,31,'Saturday',8,3,2002),
(1705,1,'Sunday',9,3,2002),
(1706,2,'Monday',9,3,2002),
(1707,3,'Tuesday',9,3,2002),
(1708,4,'Wednesday',9,3,2002),
(1709,5,'Thursday',9,3,2002),
(1710,6,'Friday',9,3,2002),
(1711,7,'Saturday',9,3,2002),
(1712,8,'Sunday',9,3,2002),
(1713,9,'Monday',9,3,2002),
(1714,10,'Tuesday',9,3,2002),
(1715,11,'Wednesday',9,3,2002),
(1716,12,'Thursday',9,3,2002),
(1717,13,'Friday',9,3,2002),
(1718,14,'Saturday',9,3,2002),
(1719,15,'Sunday',9,3,2002),
(1720,16,'Monday',9,3,2002),
(1721,17,'Tuesday',9,3,2002),
(1722,18,'Wednesday',9,3,2002),
(1723,19,'Thursday',9,3,2002),
(1724,20,'Friday',9,3,2002),
(1725,21,'Saturday',9,3,2002),
(1726,22,'Sunday',9,3,2002),
(1727,23,'Monday',9,3,2002),
(1728,24,'Tuesday',9,3,2002),
(1729,25,'Wednesday',9,3,2002),
(1730,26,'Thursday',9,3,2002),
(1731,27,'Friday',9,3,2002),
(1732,28,'Saturday',9,3,2002),
(1733,29,'Sunday',9,3,2002),
(1734,30,'Monday',9,3,2002),
(1735,1,'Tuesday',10,4,2002),
(1736,2,'Wednesday',10,4,2002),
(1737,3,'Thursday',10,4,2002),
(1738,4,'Friday',10,4,2002),
(1739,5,'Saturday',10,4,2002),
(1740,6,'Sunday',10,4,2002),
(1741,7,'Monday',10,4,2002),
(1742,8,'Tuesday',10,4,2002),
(1743,9,'Wednesday',10,4,2002),
(1744,10,'Thursday',10,4,2002),
(1745,11,'Friday',10,4,2002),
(1746,12,'Saturday',10,4,2002),
(1747,13,'Sunday',10,4,2002),
(1748,14,'Monday',10,4,2002),
(1749,15,'Tuesday',10,4,2002),
(1750,16,'Wednesday',10,4,2002),
(1751,17,'Thursday',10,4,2002),
(1752,18,'Friday',10,4,2002),
(1753,19,'Saturday',10,4,2002),
(1754,20,'Sunday',10,4,2002),
(1755,21,'Monday',10,4,2002),
(1756,22,'Tuesday',10,4,2002),
(1757,23,'Wednesday',10,4,2002),
(1758,24,'Thursday',10,4,2002),
(1759,25,'Friday',10,4,2002),
(1760,26,'Saturday',10,4,2002),
(1761,27,'Sunday',10,4,2002),
(1762,28,'Monday',10,4,2002),
(1763,29,'Tuesday',10,4,2002),
(1764,30,'Wednesday',10,4,2002),
(1765,31,'Thursday',10,4,2002),
(1766,1,'Friday',11,4,2002),
(1767,2,'Saturday',11,4,2002),
(1768,3,'Sunday',11,4,2002),
(1769,4,'Monday',11,4,2002),
(1770,5,'Tuesday',11,4,2002),
(1771,6,'Wednesday',11,4,2002),
(1772,7,'Thursday',11,4,2002),
(1773,8,'Friday',11,4,2002),
(1774,9,'Saturday',11,4,2002),
(1775,10,'Sunday',11,4,2002),
(1776,11,'Monday',11,4,2002),
(1777,12,'Tuesday',11,4,2002),
(1778,13,'Wednesday',11,4,2002),
(1779,14,'Thursday',11,4,2002),
(1780,15,'Friday',11,4,2002),
(1781,16,'Saturday',11,4,2002),
(1782,17,'Sunday',11,4,2002),
(1783,18,'Monday',11,4,2002),
(1784,19,'Tuesday',11,4,2002),
(1785,20,'Wednesday',11,4,2002),
(1786,21,'Thursday',11,4,2002),
(1787,22,'Friday',11,4,2002),
(1788,23,'Saturday',11,4,2002),
(1789,24,'Sunday',11,4,2002),
(1790,25,'Monday',11,4,2002),
(1791,26,'Tuesday',11,4,2002),
(1792,27,'Wednesday',11,4,2002),
(1793,28,'Thursday',11,4,2002),
(1794,29,'Friday',11,4,2002),
(1795,30,'Saturday',11,4,2002),
(1796,1,'Sunday',12,4,2002),
(1797,2,'Monday',12,4,2002),
(1798,3,'Tuesday',12,4,2002),
(1799,4,'Wednesday',12,4,2002),
(1800,5,'Thursday',12,4,2002),
(1801,6,'Friday',12,4,2002),
(1802,7,'Saturday',12,4,2002),
(1803,8,'Sunday',12,4,2002),
(1804,9,'Monday',12,4,2002),
(1805,10,'Tuesday',12,4,2002),
(1806,11,'Wednesday',12,4,2002),
(1807,12,'Thursday',12,4,2002),
(1808,13,'Friday',12,4,2002),
(1809,14,'Saturday',12,4,2002),
(1810,15,'Sunday',12,4,2002),
(1811,16,'Monday',12,4,2002),
(1812,17,'Tuesday',12,4,2002),
(1813,18,'Wednesday',12,4,2002),
(1814,19,'Thursday',12,4,2002),
(1815,20,'Friday',12,4,2002),
(1816,21,'Saturday',12,4,2002),
(1817,22,'Sunday',12,4,2002),
(1818,23,'Monday',12,4,2002),
(1819,24,'Tuesday',12,4,2002),
(1820,25,'Wednesday',12,4,2002),
(1821,26,'Thursday',12,4,2002),
(1822,27,'Friday',12,4,2002),
(1823,28,'Saturday',12,4,2002),
(1824,29,'Sunday',12,4,2002),
(1825,30,'Monday',12,4,2002),
(1826,31,'Tuesday',12,4,2002),
(1827,1,'Wednesday',1,1,2003),
(1828,2,'Thursday',1,1,2003),
(1829,3,'Friday',1,1,2003),
(1830,4,'Saturday',1,1,2003),
(1831,5,'Sunday',1,1,2003),
(1832,6,'Monday',1,1,2003),
(1833,7,'Tuesday',1,1,2003),
(1834,8,'Wednesday',1,1,2003),
(1835,9,'Thursday',1,1,2003),
(1836,10,'Friday',1,1,2003),
(1837,11,'Saturday',1,1,2003),
(1838,12,'Sunday',1,1,2003),
(1839,13,'Monday',1,1,2003),
(1840,14,'Tuesday',1,1,2003),
(1841,15,'Wednesday',1,1,2003),
(1842,16,'Thursday',1,1,2003),
(1843,17,'Friday',1,1,2003),
(1844,18,'Saturday',1,1,2003),
(1845,19,'Sunday',1,1,2003),
(1846,20,'Monday',1,1,2003),
(1847,21,'Tuesday',1,1,2003),
(1848,22,'Wednesday',1,1,2003),
(1849,23,'Thursday',1,1,2003),
(1850,24,'Friday',1,1,2003),
(1851,25,'Saturday',1,1,2003),
(1852,26,'Sunday',1,1,2003),
(1853,27,'Monday',1,1,2003),
(1854,28,'Tuesday',1,1,2003),
(1855,29,'Wednesday',1,1,2003),
(1856,30,'Thursday',1,1,2003);
INSERT INTO times (time_key, day, day_of_the_week, month, quarter, year) VALUES
(1857,31,'Friday',1,1,2003),
(1858,1,'Saturday',2,1,2003),
(1859,2,'Sunday',2,1,2003),
(1860,3,'Monday',2,1,2003),
(1861,4,'Tuesday',2,1,2003),
(1862,5,'Wednesday',2,1,2003),
(1863,6,'Thursday',2,1,2003),
(1864,7,'Friday',2,1,2003),
(1865,8,'Saturday',2,1,2003),
(1866,9,'Sunday',2,1,2003),
(1867,10,'Monday',2,1,2003),
(1868,11,'Tuesday',2,1,2003),
(1869,12,'Wednesday',2,1,2003),
(1870,13,'Thursday',2,1,2003),
(1871,14,'Friday',2,1,2003),
(1872,15,'Saturday',2,1,2003),
(1873,16,'Sunday',2,1,2003),
(1874,17,'Monday',2,1,2003),
(1875,18,'Tuesday',2,1,2003),
(1876,19,'Wednesday',2,1,2003),
(1877,20,'Thursday',2,1,2003),
(1878,21,'Friday',2,1,2003),
(1879,22,'Saturday',2,1,2003),
(1880,23,'Sunday',2,1,2003),
(1881,24,'Monday',2,1,2003),
(1882,25,'Tuesday',2,1,2003),
(1883,26,'Wednesday',2,1,2003),
(1884,27,'Thursday',2,1,2003),
(1885,28,'Friday',2,1,2003),
(1886,1,'Saturday',3,1,2003),
(1887,2,'Sunday',3,1,2003),
(1888,3,'Monday',3,1,2003),
(1889,4,'Tuesday',3,1,2003),
(1890,5,'Wednesday',3,1,2003),
(1891,6,'Thursday',3,1,2003),
(1892,7,'Friday',3,1,2003),
(1893,8,'Saturday',3,1,2003),
(1894,9,'Sunday',3,1,2003),
(1895,10,'Monday',3,1,2003),
(1896,11,'Tuesday',3,1,2003),
(1897,12,'Wednesday',3,1,2003),
(1898,13,'Thursday',3,1,2003),
(1899,14,'Friday',3,1,2003),
(1900,15,'Saturday',3,1,2003),
(1901,16,'Sunday',3,1,2003),
(1902,17,'Monday',3,1,2003),
(1903,18,'Tuesday',3,1,2003),
(1904,19,'Wednesday',3,1,2003),
(1905,20,'Thursday',3,1,2003),
(1906,21,'Friday',3,1,2003),
(1907,22,'Saturday',3,1,2003),
(1908,23,'Sunday',3,1,2003),
(1909,24,'Monday',3,1,2003),
(1910,25,'Tuesday',3,1,2003),
(1911,26,'Wednesday',3,1,2003),
(1912,27,'Thursday',3,1,2003),
(1913,28,'Friday',3,1,2003),
(1914,29,'Saturday',3,1,2003),
(1915,30,'Sunday',3,1,2003),
(1916,31,'Monday',3,1,2003),
(1917,1,'Tuesday',4,2,2003),
(1918,2,'Wednesday',4,2,2003),
(1919,3,'Thursday',4,2,2003),
(1920,4,'Friday',4,2,2003),
(1921,5,'Saturday',4,2,2003),
(1922,6,'Sunday',4,2,2003),
(1923,7,'Monday',4,2,2003),
(1924,8,'Tuesday',4,2,2003),
(1925,9,'Wednesday',4,2,2003),
(1926,10,'Thursday',4,2,2003),
(1927,11,'Friday',4,2,2003),
(1928,12,'Saturday',4,2,2003),
(1929,13,'Sunday',4,2,2003),
(1930,14,'Monday',4,2,2003),
(1931,15,'Tuesday',4,2,2003),
(1932,16,'Wednesday',4,2,2003),
(1933,17,'Thursday',4,2,2003),
(1934,18,'Friday',4,2,2003),
(1935,19,'Saturday',4,2,2003),
(1936,20,'Sunday',4,2,2003),
(1937,21,'Monday',4,2,2003),
(1938,22,'Tuesday',4,2,2003),
(1939,23,'Wednesday',4,2,2003),
(1940,24,'Thursday',4,2,2003),
(1941,25,'Friday',4,2,2003),
(1942,26,'Saturday',4,2,2003),
(1943,27,'Sunday',4,2,2003),
(1944,28,'Monday',4,2,2003),
(1945,29,'Tuesday',4,2,2003),
(1946,30,'Wednesday',4,2,2003),
(1947,1,'Thursday',5,2,2003),
(1948,2,'Friday',5,2,2003),
(1949,3,'Saturday',5,2,2003),
(1950,4,'Sunday',5,2,2003),
(1951,5,'Monday',5,2,2003),
(1952,6,'Tuesday',5,2,2003),
(1953,7,'Wednesday',5,2,2003),
(1954,8,'Thursday',5,2,2003),
(1955,9,'Friday',5,2,2003),
(1956,10,'Saturday',5,2,2003),
(1957,11,'Sunday',5,2,2003),
(1958,12,'Monday',5,2,2003),
(1959,13,'Tuesday',5,2,2003),
(1960,14,'Wednesday',5,2,2003),
(1961,15,'Thursday',5,2,2003),
(1962,16,'Friday',5,2,2003),
(1963,17,'Saturday',5,2,2003),
(1964,18,'Sunday',5,2,2003),
(1965,19,'Monday',5,2,2003),
(1966,20,'Tuesday',5,2,2003),
(1967,21,'Wednesday',5,2,2003),
(1968,22,'Thursday',5,2,2003),
(1969,23,'Friday',5,2,2003),
(1970,24,'Saturday',5,2,2003),
(1971,25,'Sunday',5,2,2003),
(1972,26,'Monday',5,2,2003),
(1973,27,'Tuesday',5,2,2003),
(1974,28,'Wednesday',5,2,2003),
(1975,29,'Thursday',5,2,2003),
(1976,30,'Friday',5,2,2003),
(1977,31,'Saturday',5,2,2003),
(1978,1,'Sunday',6,2,2003),
(1979,2,'Monday',6,2,2003),
(1980,3,'Tuesday',6,2,2003),
(1981,4,'Wednesday',6,2,2003),
(1982,5,'Thursday',6,2,2003),
(1983,6,'Friday',6,2,2003),
(1984,7,'Saturday',6,2,2003),
(1985,8,'Sunday',6,2,2003),
(1986,9,'Monday',6,2,2003),
(1987,10,'Tuesday',6,2,2003),
(1988,11,'Wednesday',6,2,2003),
(1989,12,'Thursday',6,2,2003),
(1990,13,'Friday',6,2,2003),
(1991,14,'Saturday',6,2,2003),
(1992,15,'Sunday',6,2,2003),
(1993,16,'Monday',6,2,2003),
(1994,17,'Tuesday',6,2,2003),
(1995,18,'Wednesday',6,2,2003),
(1996,19,'Thursday',6,2,2003),
(1997,20,'Friday',6,2,2003),
(1998,21,'Saturday',6,2,2003),
(1999,22,'Sunday',6,2,2003),
(2000,23,'Monday',6,2,2003),
(2001,24,'Tuesday',6,2,2003),
(2002,25,'Wednesday',6,2,2003),
(2003,26,'Thursday',6,2,2003),
(2004,27,'Friday',6,2,2003),
(2005,28,'Saturday',6,2,2003),
(2006,29,'Sunday',6,2,2003),
(2007,30,'Monday',6,2,2003),
(2008,1,'Tuesday',7,3,2003),
(2009,2,'Wednesday',7,3,2003),
(2010,3,'Thursday',7,3,2003),
(2011,4,'Friday',7,3,2003),
(2012,5,'Saturday',7,3,2003),
(2013,6,'Sunday',7,3,2003),
(2014,7,'Monday',7,3,2003),
(2015,8,'Tuesday',7,3,2003),
(2016,9,'Wednesday',7,3,2003),
(2017,10,'Thursday',7,3,2003),
(2018,11,'Friday',7,3,2003),
(2019,12,'Saturday',7,3,2003),
(2020,13,'Sunday',7,3,2003),
(2021,14,'Monday',7,3,2003),
(2022,15,'Tuesday',7,3,2003),
(2023,16,'Wednesday',7,3,2003),
(2024,17,'Thursday',7,3,2003),
(2025,18,'Friday',7,3,2003),
(2026,19,'Saturday',7,3,2003),
(2027,20,'Sunday',7,3,2003),
(2028,21,'Monday',7,3,2003),
(2029,22,'Tuesday',7,3,2003),
(2030,23,'Wednesday',7,3,2003),
(2031,24,'Thursday',7,3,2003),
(2032,25,'Friday',7,3,2003),
(2033,26,'Saturday',7,3,2003),
(2034,27,'Sunday',7,3,2003),
(2035,28,'Monday',7,3,2003),
(2036,29,'Tuesday',7,3,2003),
(2037,30,'Wednesday',7,3,2003),
(2038,31,'Thursday',7,3,2003),
(2039,1,'Friday',8,3,2003),
(2040,2,'Saturday',8,3,2003),
(2041,3,'Sunday',8,3,2003),
(2042,4,'Monday',8,3,2003),
(2043,5,'Tuesday',8,3,2003),
(2044,6,'Wednesday',8,3,2003),
(2045,7,'Thursday',8,3,2003),
(2046,8,'Friday',8,3,2003),
(2047,9,'Saturday',8,3,2003),
(2048,10,'Sunday',8,3,2003),
(2049,11,'Monday',8,3,2003),
(2050,12,'Tuesday',8,3,2003),
(2051,13,'Wednesday',8,3,2003),
(2052,14,'Thursday',8,3,2003),
(2053,15,'Friday',8,3,2003),
(2054,16,'Saturday',8,3,2003),
(2055,17,'Sunday',8,3,2003),
(2056,18,'Monday',8,3,2003),
(2057,19,'Tuesday',8,3,2003),
(2058,20,'Wednesday',8,3,2003),
(2059,21,'Thursday',8,3,2003),
(2060,22,'Friday',8,3,2003),
(2061,23,'Saturday',8,3,2003),
(2062,24,'Sunday',8,3,2003),
(2063,25,'Monday',8,3,2003),
(2064,26,'Tuesday',8,3,2003),
(2065,27,'Wednesday',8,3,2003),
(2066,28,'Thursday',8,3,2003),
(2067,29,'Friday',8,3,2003),
(2068,30,'Saturday',8,3,2003),
(2069,31,'Sunday',8,3,2003),
(2070,1,'Monday',9,3,2003),
(2071,2,'Tuesday',9,3,2003),
(2072,3,'Wednesday',9,3,2003),
(2073,4,'Thursday',9,3,2003),
(2074,5,'Friday',9,3,2003),
(2075,6,'Saturday',9,3,2003),
(2076,7,'Sunday',9,3,2003),
(2077,8,'Monday',9,3,2003),
(2078,9,'Tuesday',9,3,2003),
(2079,10,'Wednesday',9,3,2003),
(2080,11,'Thursday',9,3,2003),
(2081,12,'Friday',9,3,2003),
(2082,13,'Saturday',9,3,2003),
(2083,14,'Sunday',9,3,2003),
(2084,15,'Monday',9,3,2003),
(2085,16,'Tuesday',9,3,2003),
(2086,17,'Wednesday',9,3,2003),
(2087,18,'Thursday',9,3,2003),
(2088,19,'Friday',9,3,2003),
(2089,20,'Saturday',9,3,2003),
(2090,21,'Sunday',9,3,2003),
(2091,22,'Monday',9,3,2003),
(2092,23,'Tuesday',9,3,2003),
(2093,24,'Wednesday',9,3,2003),
(2094,25,'Thursday',9,3,2003),
(2095,26,'Friday',9,3,2003),
(2096,27,'Saturday',9,3,2003),
(2097,28,'Sunday',9,3,2003),
(2098,29,'Monday',9,3,2003),
(2099,30,'Tuesday',9,3,2003),
(2100,1,'Wednesday',10,4,2003),
(2101,2,'Thursday',10,4,2003),
(2102,3,'Friday',10,4,2003),
(2103,4,'Saturday',10,4,2003),
(2104,5,'Sunday',10,4,2003),
(2105,6,'Monday',10,4,2003),
(2106,7,'Tuesday',10,4,2003),
(2107,8,'Wednesday',10,4,2003),
(2108,9,'Thursday',10,4,2003),
(2109,10,'Friday',10,4,2003),
(2110,11,'Saturday',10,4,2003),
(2111,12,'Sunday',10,4,2003),
(2112,13,'Monday',10,4,2003),
(2113,14,'Tuesday',10,4,2003),
(2114,15,'Wednesday',10,4,2003),
(2115,16,'Thursday',10,4,2003),
(2116,17,'Friday',10,4,2003),
(2117,18,'Saturday',10,4,2003),
(2118,19,'Sunday',10,4,2003),
(2119,20,'Monday',10,4,2003),
(2120,21,'Tuesday',10,4,2003),
(2121,22,'Wednesday',10,4,2003),
(2122,23,'Thursday',10,4,2003),
(2123,24,'Friday',10,4,2003),
(2124,25,'Saturday',10,4,2003),
(2125,26,'Sunday',10,4,2003),
(2126,27,'Monday',10,4,2003),
(2127,28,'Tuesday',10,4,2003),
(2128,29,'Wednesday',10,4,2003),
(2129,30,'Thursday',10,4,2003),
(2130,31,'Friday',10,4,2003),
(2131,1,'Saturday',11,4,2003),
(2132,2,'Sunday',11,4,2003),
(2133,3,'Monday',11,4,2003),
(2134,4,'Tuesday',11,4,2003),
(2135,5,'Wednesday',11,4,2003),
(2136,6,'Thursday',11,4,2003),
(2137,7,'Friday',11,4,2003),
(2138,8,'Saturday',11,4,2003),
(2139,9,'Sunday',11,4,2003),
(2140,10,'Monday',11,4,2003),
(2141,11,'Tuesday',11,4,2003),
(2142,12,'Wednesday',11,4,2003),
(2143,13,'Thursday',11,4,2003),
(2144,14,'Friday',11,4,2003),
(2145,15,'Saturday',11,4,2003),
(2146,16,'Sunday',11,4,2003),
(2147,17,'Monday',11,4,2003),
(2148,18,'Tuesday',11,4,2003),
(2149,19,'Wednesday',11,4,2003),
(2150,20,'Thursday',11,4,2003),
(2151,21,'Friday',11,4,2003),
(2152,22,'Saturday',11,4,2003),
(2153,23,'Sunday',11,4,2003),
(2154,24,'Monday',11,4,2003),
(2155,25,'Tuesday',11,4,2003),
(2156,26,'Wednesday',11,4,2003),
(2157,27,'Thursday',11,4,2003),
(2158,28,'Friday',11,4,2003),
(2159,29,'Saturday',11,4,2003),
(2160,30,'Sunday',11,4,2003),
(2161,1,'Monday',12,4,2003),
(2162,2,'Tuesday',12,4,2003),
(2163,3,'Wednesday',12,4,2003),
(2164,4,'Thursday',12,4,2003),
(2165,5,'Friday',12,4,2003),
(2166,6,'Saturday',12,4,2003),
(2167,7,'Sunday',12,4,2003),
(2168,8,'Monday',12,4,2003),
(2169,9,'Tuesday',12,4,2003),
(2170,10,'Wednesday',12,4,2003),
(2171,11,'Thursday',12,4,2003),
(2172,12,'Friday',12,4,2003),
(2173,13,'Saturday',12,4,2003),
(2174,14,'Sunday',12,4,2003),
(2175,15,'Monday',12,4,2003),
(2176,16,'Tuesday',12,4,2003),
(2177,17,'Wednesday',12,4,2003),
(2178,18,'Thursday',12,4,2003),
(2179,19,'Friday',12,4,2003),
(2180,20,'Saturday',12,4,2003),
(2181,21,'Sunday',12,4,2003),
(2182,22,'Monday',12,4,2003),
(2183,23,'Tuesday',12,4,2003),
(2184,24,'Wednesday',12,4,2003),
(2185,25,'Thursday',12,4,2003),
(2186,26,'Friday',12,4,2003),
(2187,27,'Saturday',12,4,2003),
(2188,28,'Sunday',12,4,2003),
(2189,29,'Monday',12,4,2003),
(2190,30,'Tuesday',12,4,2003),
(2191,31,'Wednesday',12,4,2003);
select* from times

CREATE TABLE branch (
    branch_key INT PRIMARY KEY,
    branch_name VARCHAR(100),
    branch_type VARCHAR(50)
);
INSERT INTO branch (branch_key, branch_name, branch_type) VALUES (1, 'Branch1', 'Retail');
INSERT INTO branch (branch_key, branch_name, branch_type) VALUES (2, 'Branch2', 'Wholesale');
INSERT INTO branch (branch_key, branch_name, branch_type) VALUES (3, 'Branch3', 'Retail');
INSERT INTO branch (branch_key, branch_name, branch_type) VALUES (4, 'Branch4', 'Wholesale');
INSERT INTO branch (branch_key, branch_name, branch_type) VALUES (5, 'Branch5', 'Retail');
INSERT INTO branch (branch_key, branch_name, branch_type) VALUES (6, 'Branch6', 'Wholesale');
INSERT INTO branch (branch_key, branch_name, branch_type) VALUES (7, 'Branch7', 'Retail');
INSERT INTO branch (branch_key, branch_name, branch_type) VALUES (8, 'Branch8', 'Wholesale');
INSERT INTO branch (branch_key, branch_name, branch_type) VALUES (9, 'Branch9', 'Retail');
INSERT INTO branch (branch_key, branch_name, branch_type) VALUES (10, 'Branch10', 'Wholesale');
INSERT INTO branch (branch_key, branch_name, branch_type) VALUES (11, 'Branch11', 'Retail');
INSERT INTO branch (branch_key, branch_name, branch_type) VALUES (12, 'Branch12', 'Wholesale');
INSERT INTO branch (branch_key, branch_name, branch_type) VALUES (13, 'Branch13', 'Retail');
INSERT INTO branch (branch_key, branch_name, branch_type) VALUES (14, 'Branch14', 'Wholesale');
INSERT INTO branch (branch_key, branch_name, branch_type) VALUES (15, 'Branch15', 'Retail');
INSERT INTO branch (branch_key, branch_name, branch_type) VALUES (16, 'Branch16', 'Wholesale');
INSERT INTO branch (branch_key, branch_name, branch_type) VALUES (17, 'Branch17', 'Retail');
INSERT INTO branch (branch_key, branch_name, branch_type) VALUES (18, 'Branch18', 'Wholesale');
INSERT INTO branch (branch_key, branch_name, branch_type) VALUES (19, 'Branch19', 'Retail');
INSERT INTO branch (branch_key, branch_name, branch_type) VALUES (20, 'Branch20', 'Wholesale');
INSERT INTO branch (branch_key, branch_name, branch_type) VALUES (21, 'Branch21', 'Retail');
INSERT INTO branch (branch_key, branch_name, branch_type) VALUES (22, 'Branch22', 'Wholesale');
INSERT INTO branch (branch_key, branch_name, branch_type) VALUES (23, 'Branch23', 'Retail');
INSERT INTO branch (branch_key, branch_name, branch_type) VALUES (24, 'Branch24', 'Wholesale');
INSERT INTO branch (branch_key, branch_name, branch_type) VALUES (25, 'Branch25', 'Retail');
INSERT INTO branch (branch_key, branch_name, branch_type) VALUES (26, 'Branch26', 'Wholesale');
INSERT INTO branch (branch_key, branch_name, branch_type) VALUES (27, 'Branch27', 'Retail');
INSERT INTO branch (branch_key, branch_name, branch_type) VALUES (28, 'Branch28', 'Wholesale');
INSERT INTO branch (branch_key, branch_name, branch_type) VALUES (29, 'Branch29', 'Retail');
INSERT INTO branch (branch_key, branch_name, branch_type) VALUES (30, 'Branch30', 'Wholesale');
INSERT INTO branch (branch_key, branch_name, branch_type) VALUES (31, 'Branch31', 'Retail');
INSERT INTO branch (branch_key, branch_name, branch_type) VALUES (32, 'Branch32', 'Wholesale');
INSERT INTO branch (branch_key, branch_name, branch_type) VALUES (33, 'Branch33', 'Retail');
INSERT INTO branch (branch_key, branch_name, branch_type) VALUES (34, 'Branch34', 'Wholesale');
INSERT INTO branch (branch_key, branch_name, branch_type) VALUES (35, 'Branch35', 'Retail');
INSERT INTO branch (branch_key, branch_name, branch_type) VALUES (36, 'Branch36', 'Wholesale');
INSERT INTO branch (branch_key, branch_name, branch_type) VALUES (37, 'Branch37', 'Retail');
INSERT INTO branch (branch_key, branch_name, branch_type) VALUES (38, 'Branch38', 'Wholesale');
INSERT INTO branch (branch_key, branch_name, branch_type) VALUES (39, 'Branch39', 'Retail');
INSERT INTO branch (branch_key, branch_name, branch_type) VALUES (40, 'Branch40', 'Wholesale');
INSERT INTO branch (branch_key, branch_name, branch_type) VALUES (41, 'Branch41', 'Retail');
INSERT INTO branch (branch_key, branch_name, branch_type) VALUES (42, 'Branch42', 'Wholesale');
INSERT INTO branch (branch_key, branch_name, branch_type) VALUES (43, 'Branch43', 'Retail');
INSERT INTO branch (branch_key, branch_name, branch_type) VALUES (44, 'Branch44', 'Wholesale');
INSERT INTO branch (branch_key, branch_name, branch_type) VALUES (45, 'Branch45', 'Retail');
INSERT INTO branch (branch_key, branch_name, branch_type) VALUES (46, 'Branch46', 'Wholesale');
INSERT INTO branch (branch_key, branch_name, branch_type) VALUES (47, 'Branch47', 'Retail');
INSERT INTO branch (branch_key, branch_name, branch_type) VALUES (48, 'Branch48', 'Wholesale');
INSERT INTO branch (branch_key, branch_name, branch_type) VALUES (49, 'Branch49', 'Retail');
INSERT INTO branch (branch_key, branch_name, branch_type) VALUES (50, 'Branch50', 'Wholesale');
select * from branch 

CREATE TABLE item (
    item_key INT PRIMARY KEY,
    item_name VARCHAR(100),
    brand VARCHAR(100),
    type VARCHAR(50),
    supplier_type VARCHAR(50)
);
insert into item (item_key, item_name, brand, type, supplier_type) values
(1,'Agfa ePhoto CL20','Agfa','Digital','Wholesale'),
(2,'Agfa ePhoto CL30','Agfa','Digital','Wholesale'),
(3,'Agfa ePhoto CL34','Agfa','Digital','Wholesale'),
(4,'AOL PhotoCam','AOL','Digital','Wholesale'),
(5,'Argus DC3500','Argus','Digital','Wholesale'),
(6,'Canon PowerShot 350','Canon','Digital','Wholesale'),
(7,'Canon PowerShot A5','Canon','Digital','Wholesale'),
(8,'Canon PowerShot A5 Zoom','Canon','Digital','Wholesale'),
(9,'Canon PowerShot A50Zoom','Canon','Digital','Wholesale'),
(10,'Canon PowerShot A30','Canon','Digital','Wholesale'),
(11,'Canon PowerShot A40','Canon','Digital','Wholesale'),
(12,'Canon PowerShot A100','Canon','Digital','Wholesale'),
(13,'Canon PowerShot Pro70','Canon','Digital','Wholesale'),
(14,'Canon PowerShot S10','Canon','Digital','Wholesale'),
(15,'Canon PowerShot S20','Canon','Digital','Wholesale'),
(16,'Canon PowerShot S30','Canon','Digital','Wholesale'),
(17,'Canon PowerShot S40','Canon','Digital','Wholesale'),
(18,'Canon PowerShot S100 Digital Elph','Canon','Digital','Wholesale'),
(19,'Canon PowerShot S110 Digital Elph','Canon','Digital','Wholesale'),
(20,'Canon PowerShot S200 Digital Elph','Canon','Digital','Wholesale'),
(21,'Canon PowerShot S300 Digital Elph','Canon','Digital','Wholesale'),
(22,'Canon PowerShot S330 Digital Elph','Canon','Digital','Wholesale'),
(23,'Canon PowerShot G1','Canon','Digital','Wholesale'),
(24,'Canon PowerShot G2','Canon','Digital','Wholesale'),
(25,'Canon PowerShot Pro90IS','Canon','Digital','Wholesale'),
(26,'Canon EOS-D30','Canon','Digital','Wholesale'),
(27,'Canon EOS-D60','Canon','Digital','Wholesale'),
(28,'Canon EOS-1D','Canon','Digital','Wholesale'),
(29,'Canon EOS-1Ds','Canon','Digital','Wholesale'),
(30,'Casio QV-3EX','Casio','Digital','Wholesale'),
(31,'Casio QV-700','Casio','Digital','Wholesale'),
(32,'Casio QV-770','Casio','Digital','Wholesale'),
(33,'Casio QV-780','Casio','Digital','Wholesale'),
(34,'Casio QV-7000SX','Casio','Digital','Wholesale'),
(35,'Casio QV-2000UX','Casio','Digital','Wholesale'),
(36,'Casio QV-2300UX','Casio','Digital','Wholesale'),
(37,'Casio QV-2800UX','Casio','Digital','Wholesale'),
(38,'Casio QV-8000SX','Casio','Digital','Wholesale'),
(39,'Casio QV-5500SX','Casio','Digital','Wholesale'),
(40,'Casio QV-3000EX','Casio','Digital','Wholesale'),
(41,'Casio QV-4000','Casio','Digital','Wholesale'),
(42,'Casio GV-10','Casio','Digital','Wholesale'),
(43,'Concord Eye-Q 2100','Concord','Digital','Wholesale'),
(44,'Concord Eye-Q 3100 AF','Concord','Digital','Wholesale'),
(45,'Contax N Digital','Contax','Digital','Wholesale'),
(46,'Daisy PhotoClip','Daisy','Digital','Wholesale'),
(47,'Epson Colorio CP-800','Epson','Digital','Wholesale'),
(48,'Epson CP-500','Epson','Digital','Wholesale'),
(49,'Epson PhotoPC 600','Epson','Digital','Wholesale'),
(50,'Epson PhotoPC 650','Epson','Digital','Wholesale'),
(51,'Epson PhotoPC 700','Epson','Digital','Wholesale'),
(52,'Epson PhotoPC 750Z','Epson','Digital','Wholesale'),
(53,'Epson PhotoPC 800','Epson','Digital','Wholesale'),
(54,'Epson PhotoPC 850Z','Epson','Digital','Wholesale'),
(55,'Epson PhotoPC 900','Epson','Digital','Wholesale'),
(56,'Epson PhotoPC 3000Z','Epson','Digital','Wholesale'),
(57,'Epson PhotoPC 3100Z','Epson','Digital','Wholesale'),
(58,'FujiFilm FinePix S1 Pro','FujiFilm','Digital','Wholesale'),
(59,'FujiFilm FinePix S2 Pro','FujiFilm','Digital','Wholesale'),
(60,'FujiFilm FinePix S602z','FujiFilm','Digital','Wholesale'),
(61,'Goko MacromaX DMC-1','Goko','Digital','Wholesale'),
(62,'HP PhotoSmart C20','HP','Digital','Wholesale'),
(63,'HP PhotoSmart C30','HP','Digital','Wholesale'),
(64,'HP PhotoSmart C200','HP','Digital','Wholesale'),
(65,'HP PhotoSmart 215','HP','Digital','Wholesale'),
(66,'HP PhotoSmart 315','HP','Digital','Wholesale'),
(67,'HP Photosmart 318','HP','Digital','Wholesale'),
(68,'HP PhotoSmart C500','HP','Digital','Wholesale'),
(69,'HP Photosmart 912','HP','Digital','Wholesale'),
(70,'HP Photosmart 612','HP','Digital','Wholesale'),
(71,'HP Photosmart 618','HP','Digital','Wholesale'),
(72,'HP Photosmart 715','HP','Digital','Wholesale'),
(73,'Jenoptik Jendigital JD850Z2','Jenoptik','Digital','Wholesale'),
(74,'Jenoptik Jendigital JD1500z3','Jenoptik','Digital','Wholesale'),
(75,'Jenoptik Jendigital JD4100z3','Jenoptik','Digital','Wholesale'),
(76,'JVC GC-S1','JVC','Digital','Wholesale'),
(77,'Kodak DC25','Kodak','Digital','Wholesale'),
(78,'Kodak DC120','Kodak','Digital','Wholesale'),
(79,'Kodak DC200','Kodak','Digital','Wholesale'),
(80,'Kodak DC200 Plus','Kodak','Digital','Wholesale'),
(81,'Kodak DC210','Kodak','Digital','Wholesale'),
(82,'Kodak DC210 Plus','Kodak','Digital','Wholesale'),
(83,'Kodak DC215','Kodak','Digital','Wholesale'),
(84,'Kodak DC240','Kodak','Digital','Wholesale'),
(85,'Kodak DC240i','Kodak','Digital','Wholesale'),
(86,'Kodak DC220','Kodak','Digital','Wholesale'),
(87,'Kodak DC220 Pro','Kodak','Digital','Wholesale'),
(88,'Kodak DC260','Kodak','Digital','Wholesale'),
(89,'Kodak DC260 Pro','Kodak','Digital','Wholesale'),
(90,'Kodak DC265','Kodak','Digital','Wholesale'),
(91,'Kodak DC280 Zoom','Kodak','Digital','Wholesale'),
(92,'Kodak DC290 Zoom','Kodak','Digital','Wholesale'),
(93,'Kodak Prizm XLX','Kodak','Digital','Wholesale'),
(94,'Kodak DC3400','Kodak','Digital','Wholesale'),
(95,'Kodak DC3500','Kodak','Digital','Wholesale'),
(96,'Kodak DC3600','Kodak','Digital','Wholesale'),
(97,'Kodak DC3800','Kodak','Digital','Wholesale'),
(98,'Kodak DC4800','Kodak','Digital','Wholesale'),
(99,'Kodak DC5000','Kodak','Digital','Wholesale'),
(100,'Kodak DC80','Kodak','Digital','Retail'),
(101,'Kodak DX3500','Kodak','Digital','Retail'),
(102,'Kodak DX3600','Kodak','Digital','Retail'),
(103,'Kodak DX3900','Kodak','Digital','Retail'),
(104,'Kodak DX4900','Kodak','Digital','Retail'),
(105,'Kodak DX9900 Zoom','Kodak','Digital','Retail'),
(106,'Konica DG-1','Konica','Digital','Retail'),
(107,'Konica Q-Mini','Konica','Digital','Retail'),
(108,'Konica Q-M100','Konica','Digital','Retail'),
(109,'Konoca Q-M100V','Konica','Digital','Retail'),
(110,'Konica Q-M200','Konica','Digital','Retail'),
(111,'Kyocera DR-350','Kyocera','Digital','Retail'),
(112,'Kyocera Samurai 1300DG','Kyocera','Digital','Retail'),
(113,'Kyocera Samurai 2100DG','Kyocera','Digital','Retail'),
(114,'Matsushita LK-RQ2Z','Matsushita','Digital','Retail'),
(115,'Matsushita NV-DCF3','Matsushita','Digital','Retail'),
(116,'Matsushita NV-DCF50','Matsushita','Digital','Retail'),
(117,'Matsushita LK-RQ130Z','Matsushita','Digital','Retail'),
(118,'MegaChip MPEG4 Network Camera','MegaChip','Digital','Retail'),
(119,'Microdia QuickShot','Microdia','Digital','Retail'),
(120,'Minolta Dimage 3D 1500','Minolta','Digital','Retail'),
(121,'Minolta Dimage EX 1500','Minolta','Digital','Retail'),
(122,'Minolta RD-2300','Minolta','Digital','Retail'),
(123,'Minolta RD-2300 Zoom','Minolta','Digital','Retail'),
(124,'Minolta Dimage 2330','Minolta','Digital','Retail'),
(125,'Minolta Dimage 2330 Zoom','Minolta','Digital','Retail'),
(126,'Minolta DiMAGE 5','Minolta','Digital','Retail'),
(127,'Minolta DiMAGE 7','Minolta','Digital','Retail'),
(128,'Minolta DiMAGE 7i','Minolta','Digital','Retail'),
(129,'Minolta DiMAGE S304','Minolta','Digital','Retail'),
(130,'Minolta DiMAGE S404','Minolta','Digital','Retail'),
(131,'Minolta DiMAGE E201','Minolta','Analog','Wholesale'),
(132,'Minox DC 2111','Minox','Analog','Wholesale'),
(133,'Mitsubishi DJ-1000','Mitsubishi','Analog','Wholesale'),
(134,'Mustek VDC-200','Mustek','Analog','Wholesale'),
(135,'Mustek VDC-300','Mustek','Analog','Wholesale'),
(136,'Mustek VDC-800','Mustek','Analog','Wholesale'),
(137,'Mustek VDC-3500','Mustek','Analog','Wholesale'),
(138,'NEC Picona','NEC','Analog','Wholesale'),
(139,'Nikon Coolpix 600','Nikon','Analog','Wholesale'),
(140,'Nikon Coolpix 700','Nikon','Analog','Wholesale'),
(141,'Nikon Coolpix 750','Nikon','Analog','Wholesale'),
(142,'Nikon Coolpix 775','Nikon','Analog','Wholesale'),
(143,'Nikon Coolpix 800','Nikon','Analog','Wholesale'),
(144,'Nikon Coolpix 885','Nikon','Analog','Wholesale'),
(145,'Nikon Coolpix 900','Nikon','Analog','Wholesale'),
(146,'Nikon Coolpix 910','Nikon','Analog','Wholesale'),
(147,'Nikon Coolpix 950','Nikon','Analog','Wholesale'),
(148,'Nikon Coolpix 990','Nikon','Analog','Wholesale'),
(149,'Nikon Coolpix 995','Nikon','Analog','Wholesale'),
(150,'Nikon Coolpix 2500','Nikon','Analog','Wholesale'),
(151,'Nikon Coolpix 4300','Nikon','Analog','Wholesale'),
(152,'Nikon Coolpix 4500','Nikon','Analog','Wholesale'),
(153,'Nikon Coolpix 5000','Nikon','Analog','Wholesale'),
(154,'Nikon Coolpix 5700','Nikon','Analog','Wholesale'),
(155,'Nikon D1X','Nikon','Analog','Wholesale'),
(156,'Nikon D1H','Nikon','Analog','Wholesale'),
(157,'Nikon D100','Nikon','Analog','Wholesale'),
(158,'Nikon SB E600','Nikon','Analog','Wholesale'),
(159,'Olympus C-2500L','Olympus','Analog','Wholesale'),
(160,'Olympus E-10','Olympus','Analog','Wholesale'),
(161,'Olympus E-100 RS','Olympus','Analog','Wholesale'),
(162,'Olympus E-20N','Olympus','Analog','Wholesale'),
(163,'Olympus CAMEDIA C-5050 Zoom','Olympus','Analog','Wholesale'),
(164,'Panasonic CardShot','Panasonic','Analog','Wholesale'),
(165,'Panasonic CoolShot','Panasonic','Analog','Wholesale'),
(166,'Panasonic CoolShot II','Panasonic','Analog','Wholesale'),
(167,'Panasonic NV-DFC7E','Panasonic','Analog','Wholesale'),
(168,'Panasonic PL-759','Panasonic','Analog','Wholesale'),
(169,'Panasonic PL-859','Panasonic','Analog','Wholesale'),
(170,'Panasonic PV-DC1080 (PalmCam)','Panasonic','Analog','Wholesale'),
(171,'Panasonic PV-DC1580 (PalmCam)','Panasonic','Analog','Wholesale'),
(172,'Panasonic PV-DC 2090','Panasonic','Analog','Wholesale'),
(173,'Panasonic PV-DC 2590','Panasonic','Analog','Wholesale'),
(174,'Panasonic Lumix DMC-LC5','Panasonic','Analog','Wholesale'),
(175,'Pentacon Exacta DC 2100','Pentacon','Analog','Wholesale'),
(176,'Pentacon Praktica DCZ 3.2','Pentacon','Analog','Wholesale'),
(177,'Pentax EI-100','Pentax','Analog','Wholesale'),
(178,'Pentax EI-200','Pentax','Analog','Wholesale'),
(179,'Pentax EI-2000','Pentax','Analog','Wholesale'),
(180,'Pentax Pro Digital SLR','Pentax','Analog','Wholesale'),
(181,'Pentax Optio 230','Pentax','Analog','Wholesale'),
(182,'Pentax Optio 330','Pentax','Analog','Wholesale'),
(183,'Pentax Optio 430','Pentax','Analog','Wholesale'),
(184,'Phoenix D1','Phoenix','Analog','Wholesale'),
(185,'Polaroid PDC-3000','Polaroid','Analog','Wholesale'),
(186,'Polaroid PDC-700','Polaroid','Analog','Wholesale'),
(187,'Polaroid MP3 Digital Camera','Polaroid','Analog','Wholesale'),
(188,'Polaroid FUN! FLASH 640CF','Polaroid','Analog','Wholesale'),
(189,'Polaroid PDC 1300','Polaroid','Analog','Wholesale'),
(190,'Polaroid PhotoMAX w/MP3','Polaroid','Analog','Wholesale'),
(191,'Polaroid PDC-2300Z','Polaroid','Analog','Wholesale'),
(192,'Polaroid PDC-1000','Polaroid','Analog','Wholesale'),
(193,'Polaroid PDC-1100','Polaroid','Analog','Wholesale'),
(194,'Polaroid PDC-2000','Polaroid','Analog','Wholesale'),
(195,'Polaroid PDC-3000','Polaroid','Analog','Wholesale'),
(196,'Polaroid PDC-700','Polaroid','Analog','Wholesale'),
(197,'Premier DC530','Premier','Analog','Wholesale'),
(198,'Premier DC620','Premier','Analog','Wholesale'),
(199,'Premier DC820','Premier','Analog','Wholesale'),
(200,'Premier DC1310','Premier','Analog','Wholesale'),
(201,'Premier DC1500','Premier','Analog','Wholesale'),
(202,'Premier DC2000','Premier','Analog','Wholesale'),
(203,'Pretec DC-1500','Pretec','Analog','Wholesale'),
(204,'Pretec DC-530','Pretec','Analog','Wholesale'),
(205,'Pretec DC-600','Pretec','Analog','Wholesale'),
(206,'Pretec DC-800','Pretec','Analog','Wholesale'),
(207,'Pretec DC-1007','Pretec','Analog','Wholesale'),
(208,'Pretec DC-2003','Pretec','Analog','Wholesale'),
(209,'PuLi DC-600','Puli','Analog','Wholesale'),
(210,'RCA CDS4100','RCA','Analog','Wholesale'),
(211,'Ricoh RDC-100','Ricoh','Analog','Wholesale'),
(212,'Ricoh RDC-i500','Ricoh','Analog','Wholesale'),
(213,'Ricoh RDC-i700','Ricoh','Analog','Wholesale'),
(214,'Rollei d7 com','Rollei','Analog','Wholesale'),
(215,'Rollei d18 com','Rollei','Analog','Wholesale'),
(216,'Rollei d33 com','Rollei','Analog','Wholesale'),
(217,'Rollei d41 com','Rollei','Analog','Wholesale'),
(218,'Rollei SLR','Rollei','Analog','Retail'),
(219,'Sampo DCE-400','Sampo','Analog','Retail'),
(220,'Samsung Digimax 30','Samsung','Analog','Retail'),
(221,'Samsung Digimax 100','Samsung','Analog','Retail'),
(222,'Samsung Digimax 150','Samsung','Analog','Retail'),
(223,'Samsung Digimax 800K','Samsung','Analog','Retail'),
(224,'Samsung Digimax 210','Samsung','Analog','Retail'),
(225,'Samsung Digimax 210SE','Samsung','Analog','Retail'),
(226,'Samsung Digimax 220','Samsung','Analog','Retail'),
(227,'Samsung Digimax 230','Samsung','Analog','Retail'),
(228,'Samsung Digimax 330','Samsung','Analog','Retail'),
(229,'Samsung Digimax 340','Samsung','Analog','Retail'),
(230,'Samsung Digimax 350SE','Samsung','Analog','Retail'),
(231,'Samsung Digimax 410','Samsung','Analog','Retail'),
(232,'Samsung SSC-410N','Samsung','Analog','Retail'),
(233,'Samsung Digimax 35 MP3','Samsung','Analog','Retail'),
(234,'Sanyo DSC SX150','Sanyo','Analog','Retail'),
(235,'Sanyo DSC VPC-SX500','Sanyo','Analog','Retail'),
(236,'Sanyo DSC VPC-SX500EX','Sanyo','Analog','Retail'),
(237,'Sanyo DSC VPC-MZ1EX','Sanyo','Analog','Retail'),
(238,'Sigma SD9 D-SLR','Sigma','Analog','Retail'),
(239,'SiPix SC-2100','SiPix','Analog','Retail'),
(240,'SiPix SC-1300','SiPix','Analog','Retail'),
(241,'SiPix SP-1300 Shoot & Share','SiPix','Analog','Retail'),
(242,'SiPix SCP-1000 Shoot & Print','SiPix','Analog','Retail'),
(243,'Sound Vision SVmini-209','Sound Vision','Analog','Retail'),
(244,'Tekom Tekcam-200','Tekom','Analog','Retail'),
(245,'UMAX DC-A1','UMAX','Analog','Retail'),
(246,'UMAX MDX-8000','UMAX','Analog','Retail'),
(247,'UMAX PhotoRun','UMAX','Analog','Retail'),
(248,'Viewcom Technology DC339F','Viewcom','Analog','Retail'),
(249,'Vivitar ViviCam 2700','Vivitar','Analog','Retail'),
(250,'Vivatar ViviCam 2750','Vivatar','Analog','Retail'),
(251,'Vivatar ViviCam 2800','Vivitar','Analog','Retail'),
(252,'Vivatar ViviCam 3200','Vivitar','Analog','Retail'),
(253,'Vivatar ViviCam 3500','Vivitar','Analog','Retail'),
(254,'Vivatar ViviCam 3615','Vivitar','Analog','Retail'),
(255,'Vivatar ViviCam 3725','Vivitar','Analog','Retail'),
(256,'Vivatar ViviCam 3825','Vivitar','Analog','Retail'),
(257,'Yashica Contax N Digital','Yashica','Analog','Retail'),
(258,'Yashica Finecam 3300','Yashica','Analog','Retail'),
(259,'Yashica KC-600','Yashica','Analog','Retail'),
(260,'Yashica Samurai 1300DG','Yashica','Analog','Retail'),
(261,'Yashica Samurai 2100DG','Yashica','Analog','Retail');

CREATE TABLE location (
    location_key INT PRIMARY KEY,
    street VARCHAR(100),
    city VARCHAR(100),
    province_or_street VARCHAR(100),
    country VARCHAR(50)
);
INSERT INTO location (location_key, street, city, province_or_street, country) VALUES (1, '1 Main Street', 'ABINGTON', '02351', 'United States');
INSERT INTO location (location_key, street, city, province_or_street, country) VALUES (2, '2 Main Street', 'ACCORD', '02018', 'United States');
INSERT INTO location (location_key, street, city, province_or_street, country) VALUES (3, '3 Main Street', 'ACTON', '01720', 'United States');
INSERT INTO location (location_key, street, city, province_or_street, country) VALUES (4, '4 Main Street', 'ACUSHNET', '02743', 'United States');
INSERT INTO location (location_key, street, city, province_or_street, country) VALUES (5, '5 Main Street', 'ADAMS', '01220', 'United States');
INSERT INTO location (location_key, street, city, province_or_street, country) VALUES (6, '6 Main Street', 'AGAWAM', '01001', 'United States');
INSERT INTO location (location_key, street, city, province_or_street, country) VALUES (7, '7 Main Street', 'ALLSTON', '02134', 'United States');
INSERT INTO location (location_key, street, city, province_or_street, country) VALUES (8, '8 Main Street', 'AMESBURY', '01913', 'United States');
INSERT INTO location (location_key, street, city, province_or_street, country) VALUES (9, '9 Main Street', 'AMHERST', '01002', 'United States');
INSERT INTO location (location_key, street, city, province_or_street, country) VALUES (10, '10 Main Street', 'AMHERST', '01003', 'United States');
INSERT INTO location (location_key, street, city, province_or_street, country) VALUES (11, '11 Main Street', 'AMHERST', '01004', 'United States');
INSERT INTO location (location_key, street, city, province_or_street, country) VALUES (12, '12 Main Street', 'ANDOVER', '01810', 'United States');
INSERT INTO location (location_key, street, city, province_or_street, country) VALUES (13, '13 Main Street', 'ANDOVER', '01812', 'United States');
INSERT INTO location (location_key, street, city, province_or_street, country) VALUES (14, '14 Main Street', 'ANDOVER', '01899', 'United States');
INSERT INTO location (location_key, street, city, province_or_street, country) VALUES (15, '15 Main Street', 'ANDOVER', '05501', 'United States');
INSERT INTO location (location_key, street, city, province_or_street, country) VALUES (16, '16 Main Street', 'ANDOVER', '05544', 'United States');
INSERT INTO location (location_key, street, city, province_or_street, country) VALUES (17, '17 Main Street', 'ARLINGTON', '02474', 'United States');
INSERT INTO location (location_key, street, city, province_or_street, country) VALUES (18, '18 Main Street', 'ARLINGTON', '02476', 'United States');
INSERT INTO location (location_key, street, city, province_or_street, country) VALUES (19, '19 Main Street', 'ARLINGTON HEIGHTS', '02475', 'United States');
INSERT INTO location (location_key, street, city, province_or_street, country) VALUES (20, '20 Main Street', 'ASHBURNHAM', '01430', 'United States');
INSERT INTO location (location_key, street, city, province_or_street, country) VALUES (21, '21 Main Street', 'ASHBY', '01431', 'United States');
INSERT INTO location (location_key, street, city, province_or_street, country) VALUES (22, '22 Main Street', 'ASHFIELD', '01330', 'United States');
INSERT INTO location (location_key, street, city, province_or_street, country) VALUES (23, '23 Main Street', 'ASHLAND', '01721', 'United States');
INSERT INTO location (location_key, street, city, province_or_street, country) VALUES (24, '24 Main Street', 'ASHLEY FALLS', '01222', 'United States');
INSERT INTO location (location_key, street, city, province_or_street, country) VALUES (25, '25 Main Street', 'ASSONET', '02702', 'United States');
INSERT INTO location (location_key, street, city, province_or_street, country) VALUES (26, '26 Main Street', 'ATHOL', '01331', 'United States');
INSERT INTO location (location_key, street, city, province_or_street, country) VALUES (27, '27 Main Street', 'ATTLEBORO', '02703', 'United States');
INSERT INTO location (location_key, street, city, province_or_street, country) VALUES (28, '28 Main Street', 'ATTLEBORO FALLS', '02763', 'United States');
INSERT INTO location (location_key, street, city, province_or_street, country) VALUES (29, '29 Main Street', 'AUBURN', '01501', 'United States');
INSERT INTO location (location_key, street, city, province_or_street, country) VALUES (30, '30 Main Street', 'AUBURNDALE', '02466', 'United States');
INSERT INTO location (location_key, street, city, province_or_street, country) VALUES (31, '31 Main Street', 'AVON', '02322', 'United States');
INSERT INTO location (location_key, street, city, province_or_street, country) VALUES (32, '32 Main Street', 'AYER', '01432', 'United States');
INSERT INTO location (location_key, street, city, province_or_street, country) VALUES (33, '33 Main Street', 'BABSON PARK', '02457', 'United States');
INSERT INTO location (location_key, street, city, province_or_street, country) VALUES (34, '34 Main Street', 'BALDWINVILLE', '01436', 'United States');
INSERT INTO location (location_key, street, city, province_or_street, country) VALUES (35, '35 Main Street', 'BARNSTABLE', '02630', 'United States');
INSERT INTO location (location_key, street, city, province_or_street, country) VALUES (36, '36 Main Street', 'BARRE', '01005', 'United States');
INSERT INTO location (location_key, street, city, province_or_street, country) VALUES (37, '37 Main Street', 'BECKET', '01223', 'United States');
INSERT INTO location (location_key, street, city, province_or_street, country) VALUES (38, '38 Main Street', 'BEDFORD', '01730', 'United States');
INSERT INTO location (location_key, street, city, province_or_street, country) VALUES (39, '39 Main Street', 'BELCHERTOWN', '01007', 'United States');
INSERT INTO location (location_key, street, city, province_or_street, country) VALUES (40, '40 Main Street', 'BELLINGHAM', '02019', 'United States');
INSERT INTO location (location_key, street, city, province_or_street, country) VALUES (41, '41 Main Street', 'BELMONT', '02478', 'United States');
INSERT INTO location (location_key, street, city, province_or_street, country) VALUES (42, '42 Main Street', 'BERKLEY', '02779', 'United States');
INSERT INTO location (location_key, street, city, province_or_street, country) VALUES (43, '43 Main Street', 'BERKSHIRE', '01224', 'United States');
INSERT INTO location (location_key, street, city, province_or_street, country) VALUES (44, '44 Main Street', 'BERLIN', '01503', 'United States');
INSERT INTO location (location_key, street, city, province_or_street, country) VALUES (45, '45 Main Street', 'BERNARDSTON', '01337', 'United States');
INSERT INTO location (location_key, street, city, province_or_street, country) VALUES (46, '46 Main Street', 'BEVERLY', '01915', 'United States');
INSERT INTO location (location_key, street, city, province_or_street, country) VALUES (47, '47 Main Street', 'BILLERICA', '01821', 'United States');
INSERT INTO location (location_key, street, city, province_or_street, country) VALUES (48, '48 Main Street', 'BILLERICA', '01822', 'United States');
INSERT INTO location (location_key, street, city, province_or_street, country) VALUES (49, '49 Main Street', 'BLACKSTONE', '01504', 'United States');
INSERT INTO location (location_key, street, city, province_or_street, country) VALUES (50, '50 Main Street', 'BLANDFORD', '01008', 'United States');
select * from location


CREATE TABLE sales_fact_table (
    time_key INT,
    item_key INT,
    branch_key INT,
    location_key INT,
    units_sold INT,
    dollars_sold DECIMAL(18, 2),
    FOREIGN KEY (time_key) REFERENCES times(time_key),
    FOREIGN KEY (item_key) REFERENCES item(item_key),
    FOREIGN KEY (branch_key) REFERENCES branch(branch_key),
    FOREIGN KEY (location_key) REFERENCES location(location_key)
);
INSERT INTO sales_fact_table (time_key, item_key, branch_key, location_key, units_sold, dollars_sold) VALUES
(1,1,1,1,200,1),
(5,2,2,2,200,1),
(9,3,3,3,200,1),
(13,4,4,4,200,1),
(17,5,5,5,200,1),
(21,6,6,6,200,1),
(25,7,7,7,200,1),
(29,8,8,8,200,1),
(33,9,9,9,200,1),
(37,10,10,10,300,1),
(41,11,11,11,300,1),
(45,12,12,12,300,1),
(49,13,13,13,300,1),
(53,14,14,14,300,1),
(57,15,15,15,300,1),
(61,16,16,16,300,1),
(65,17,17,17,300,1),
(69,18,18,18,300,1),
(73,19,19,19,300,1),
(77,20,20,20,300,1),
(81,21,21,21,400,2),
(85,22,22,22,400,2),
(89,23,23,23,400,2),
(93,24,24,24,400,2),
(97,25,25,25,400,2),
(101,26,26,26,400,2),
(105,27,27,27,400,2),
(109,28,28,28,400,2),
(113,29,29,29,400,2),
(117,30,30,30,400,2),
(121,31,31,31,400,2),
(125,32,32,32,400,2),
(129,33,33,33,400,2),
(133,34,34,34,400,2),
(137,35,35,35,400,2),
(141,36,36,36,400,2),
(145,37,37,37,600,2),
(149,38,38,38,600,2),
(153,39,39,39,600,2),
(157,40,40,40,600,2),
(161,41,41,41,600,2),
(165,42,42,42,600,3),
(169,43,43,43,600,3),
(173,44,44,44,600,3),
(177,45,45,45,600,3),
(181,46,46,46,600,3),
(185,47,47,47,600,3),
(189,48,48,48,600,3),
(193,49,49,49,600,3),
(197,50,50,50,600,3),
(201,51,1,1,600,3),
(205,52,2,2,600,3),
(209,53,3,3,600,3),
(213,54,4,4,600,3),
(217,55,5,5,600,3),
(221,56,6,6,600,3),
(225,57,7,7,900,3),
(229,58,8,8,900,3),
(233,59,9,9,900,3),
(237,60,10,10,900,3),
(241,61,11,11,900,3),
(245,62,12,12,900,3),
(249,63,13,13,900,3),
(253,64,14,14,900,3),
(257,65,15,15,900,3),
(261,66,16,16,900,3),
(265,67,17,17,900,3),
(269,68,18,18,900,3),
(273,69,19,19,900,3),
(277,70,20,20,900,3),
(281,71,21,21,900,3),
(285,72,22,22,900,3),
(289,73,23,23,900,3),
(293,74,24,24,900,3),
(297,75,25,25,900,3),
(301,76,26,26,900,3),
(305,77,27,27,1000,3),
(309,78,28,28,1000,3),
(313,79,29,29,1000,3),
(317,80,30,30,1000,3),
(321,81,31,31,1000,3),
(325,82,32,32,1000,3),
(329,83,33,33,1000,3),
(333,84,34,34,1000,3),
(337,85,35,35,1000,3),
(341,86,36,36,1000,3),
(345,87,37,37,1000,3),
(349,88,38,38,1000,3),
(353,89,39,39,1000,4),
(357,90,40,40,1000,4),
(361,91,41,41,1000,4),
(365,92,42,42,1000,4),
(369,93,43,43,1000,4),
(373,94,44,44,1000,4),
(377,95,45,45,1000,4),
(381,96,46,46,1000,4),
(385,97,47,47,1000,4),
(389,98,48,48,1000,4),
(393,99,49,49,1000,4),
(397,100,50,50,1000,4),
(401,101,1,1,1000,4),
(405,102,2,2,1200,4),
(409,103,3,3,1200,4),
(413,104,4,4,1200,4),
(417,105,5,5,1200,4),
(421,106,6,6,1200,4),
(425,107,7,7,1200,4),
(429,108,8,8,1200,4),
(433,109,9,9,1200,4),
(437,110,10,10,1200,4),
(441,111,11,11,1200,4),
(445,112,12,12,1200,4),
(449,113,13,13,1200,4),
(453,114,14,14,1200,4),
(457,115,15,15,1200,4),
(461,116,16,16,1200,4),
(465,117,17,17,1200,4),
(469,118,18,18,1200,4),
(473,119,19,19,1200,4),
(477,120,20,20,1200,4),
(481,121,21,21,1200,5),
(485,122,22,22,1200,5),
(489,123,23,23,1200,5),
(493,124,24,24,1200,5),
(497,125,25,25,1200,5),
(501,126,26,26,1200,5),
(505,127,27,27,1200,5),
(509,128,28,28,1200,5),
(513,129,29,29,1200,5),
(517,130,30,30,1200,5),
(521,131,31,31,1200,5),
(525,132,32,32,1200,5),
(529,133,33,33,1200,5),
(533,134,34,34,1200,5),
(537,135,35,35,1200,5),
(541,136,36,36,1200,5),
(545,137,37,37,1200,5),
(549,138,38,38,1200,5),
(553,139,39,39,1200,5),
(557,140,40,40,1200,5),
(561,141,41,41,1200,5),
(565,142,42,42,1200,5),
(569,143,43,43,1200,5),
(573,144,44,44,1200,5),
(577,145,45,45,1200,5),
(581,146,46,46,1200,5),
(585,147,47,47,1200,5),
(589,148,48,48,1400,5),
(593,149,49,49,1400,5),
(597,150,50,50,1400,5),
(601,151,1,1,1400,5),
(605,152,2,2,1400,5),
(609,153,3,3,1400,5),
(613,154,4,4,1400,5),
(617,155,5,5,1400,5),
(621,156,6,6,1400,5),
(625,157,7,7,1400,5),
(629,158,8,8,1400,5),
(633,159,9,9,1400,5),
(637,160,10,10,1400,5),
(641,161,11,11,1400,5),
(645,162,12,12,1400,6),
(649,163,13,13,1400,6),
(653,164,14,14,1400,6),
(657,165,15,15,1400,6),
(661,166,16,16,1400,6),
(665,167,17,17,1400,6),
(669,168,18,18,1400,6),
(673,169,19,19,1400,6),
(677,170,20,20,1400,6),
(681,171,21,21,1400,6),
(685,172,22,22,1400,6),
(689,173,23,23,1400,6),
(693,174,24,24,1400,6),
(697,175,25,25,1400,6),
(701,176,26,26,1400,6),
(705,177,27,27,1400,6),
(709,178,28,28,1400,6),
(713,179,29,29,1400,6),
(717,180,30,30,1400,6),
(721,181,31,31,1400,6),
(725,182,32,32,1400,6),
(729,183,33,33,1400,6),
(733,184,34,34,1400,6),
(737,185,35,35,1400,6),
(741,186,36,36,1400,6),
(745,187,37,37,1400,6),
(749,188,38,38,1400,6),
(753,189,39,39,1400,6),
(757,190,40,40,1400,6),
(761,191,41,41,1400,6),
(765,192,42,42,1400,6),
(769,193,43,43,1400,6),
(773,194,44,44,1400,6),
(777,195,45,45,1400,6),
(781,196,46,46,1400,6),
(785,197,47,47,1400,6),
(789,198,48,48,1400,6),
(793,199,49,49,1400,6),
(797,200,50,50,1400,6),
(801,201,1,1,1400,7),
(805,202,2,2,1400,7),
(809,203,3,3,1600,7),
(813,204,4,4,1600,7),
(817,205,5,5,1600,7),
(821,206,6,6,1600,7),
(825,207,7,7,1600,7),
(829,208,8,8,1600,7),
(833,209,9,9,1600,7),
(837,210,10,10,1600,7),
(841,211,11,11,1600,7),
(845,212,12,12,1600,7),
(849,213,13,13,1600,7),
(853,214,14,14,1600,7),
(857,215,15,15,1600,7),
(861,216,16,16,1600,7),
(865,217,17,17,1600,7),
(869,218,18,18,1600,7),
(873,219,19,19,1600,7),
(877,220,20,20,1600,7),
(881,221,21,21,1600,7),
(885,222,22,22,1600,7),
(889,223,23,23,1600,7),
(893,224,24,24,1600,7),
(897,225,25,25,1600,7),
(901,226,26,26,1600,7),
(905,227,27,27,1600,7),
(909,228,28,28,1600,7),
(913,229,29,29,1600,7),
(917,230,30,30,1600,7),
(921,231,31,31,1600,7),
(925,232,32,32,1600,7),
(929,233,33,33,1600,7),
(933,234,34,34,1600,7),
(937,235,35,35,1600,7),
(941,236,36,36,1800,7),
(945,237,37,37,1800,7),
(949,238,38,38,1800,7),
(953,239,39,39,1800,7),
(957,240,40,40,1800,7),
(961,241,41,41,1800,7),
(965,242,42,42,1800,7),
(969,243,43,43,1800,7),
(973,244,44,44,1800,7),
(977,245,45,45,1800,7),
(981,246,46,46,1800,7),
(985,247,47,47,1800,7),
(989,248,48,48,1800,7),
(993,249,49,49,1800,7),
(997,250,50,50,1800,7),
(1001,251,1,1,1800,7),
(1005,252,2,2,1800,7),
(1009,253,3,3,1800,7),
(1013,254,4,4,1800,7),
(1017,255,5,5,1800,7),
(1021,256,6,6,1800,7),
(1025,257,7,7,1800,7),
(1029,258,8,8,1800,7),
(1033,259,9,9,1800,7),
(1037,260,10,10,1800,7),
(1041,261,11,11,1800,7),
(1045,1,12,12,1800,7),
(1049,2,13,13,1800,7),
(1053,3,14,14,1800,7),
(1057,4,15,15,1800,7),
(1061,5,16,16,1800,7),
(1065,6,17,17,1800,7),
(1069,7,18,18,1800,7),
(1073,8,19,19,1800,7),
(1077,9,20,20,1800,7),
(1081,10,21,21,1800,7),
(1085,11,22,22,1900,7),
(1089,12,23,23,1900,7),
(1093,13,24,24,1900,7),
(1097,14,25,25,1900,7),
(1101,15,26,26,1900,7),
(1105,16,27,27,1900,7),
(1109,17,28,28,1900,7),
(1113,18,29,29,1900,7),
(1117,19,30,30,1900,7),
(1121,20,31,31,1900,7),
(1125,21,32,32,1900,7),
(1129,22,33,33,1900,7),
(1133,23,34,34,1900,7),
(1137,24,35,35,1900,7),
(1141,25,36,36,1900,7),
(1145,26,37,37,1900,7),
(1149,27,38,38,1900,7),
(1153,28,39,39,1900,7),
(1157,29,40,40,1900,7),
(1161,30,41,41,1900,7),
(1165,31,42,42,1900,7),
(1169,32,43,43,1900,7),
(1173,33,44,44,1900,7),
(1177,34,45,45,1900,7),
(1181,35,46,46,1900,7),
(1185,36,47,47,1900,7),
(1189,37,48,48,1900,7),
(1193,38,49,49,1900,7),
(1197,39,50,50,1900,7),
(1201,40,1,1,1900,7),
(1205,41,2,2,1900,7),
(1209,42,3,3,1900,7),
(1213,43,4,4,1900,7),
(1217,44,5,5,1900,7),
(1221,45,6,6,1900,7),
(1225,46,7,7,1900,7),
(1229,47,8,8,1900,7),
(1233,48,9,9,1900,7),
(1237,49,10,10,1900,7),
(1241,50,11,11,1900,7),
(1245,51,12,12,1900,7),
(1249,52,13,13,1900,7),
(1253,53,14,14,1900,7),
(1257,54,15,15,1900,7),
(1261,55,16,16,1900,7),
(1265,56,17,17,1900,7),
(1269,57,18,18,1900,7),
(1273,58,19,19,1900,7),
(1277,59,20,20,1900,7),
(1281,60,21,21,1900,7),
(1285,61,22,22,1900,7),
(1289,62,23,23,1900,7),
(1293,63,24,24,1900,7),
(1297,64,25,25,1900,7),
(1301,65,26,26,1900,7),
(1305,66,27,27,1900,7),
(1309,67,28,28,1900,7),
(1313,68,29,29,1900,7),
(1317,69,30,30,1900,7),
(1321,70,31,31,1900,7),
(1325,71,32,32,1900,7),
(1329,72,33,33,1900,7),
(1333,73,34,34,1900,7),
(1337,74,35,35,2000,7),
(1341,75,36,36,2000,7),
(1345,76,37,37,2000,7),
(1349,77,38,38,2000,7),
(1353,78,39,39,2000,7),
(1357,79,40,40,2000,7),
(1361,80,41,41,2000,7),
(1365,81,42,42,2000,7),
(1369,82,43,43,2000,7),
(1373,83,44,44,2000,7),
(1377,84,45,45,2000,7),
(1381,85,46,46,2000,7),
(1385,86,47,47,2000,7),
(1389,87,48,48,2000,7),
(1393,88,49,49,2000,7),
(1397,89,50,50,2000,7),
(1401,90,1,1,2000,7),
(1405,91,2,2,2000,7),
(1409,92,3,3,2000,7),
(1413,93,4,4,2000,7),
(1417,94,5,5,2000,7),
(1421,95,6,6,2000,7),
(1425,96,7,7,2000,7),
(1429,97,8,8,2000,7),
(1433,98,9,9,2000,7),
(1437,99,10,10,2000,7),
(1441,100,11,11,2000,7),
(1445,101,12,12,2000,7),
(1449,102,13,13,2000,7),
(1453,103,14,14,2000,7),
(1457,104,15,15,2000,7),
(1461,105,16,16,2000,7),
(1465,106,17,17,2000,7),
(1469,107,18,18,2000,7),
(1473,108,19,19,2000,7),
(1477,109,20,20,2000,7),
(1481,110,21,21,2000,7),
(1485,111,22,22,2000,7),
(1489,112,23,23,2000,7),
(1493,113,24,24,2000,7),
(1497,114,25,25,2000,7),
(1501,115,26,26,2000,7),
(1505,116,27,27,2000,7),
(1509,117,28,28,2000,7),
(1513,118,29,29,2000,7),
(1517,119,30,30,2000,7),
(1521,120,31,31,2000,7),
(1525,121,32,32,2000,7),
(1529,122,33,33,2000,7),
(1533,123,34,34,2000,7),
(1537,124,35,35,2000,7),
(1541,125,36,36,2300,7),
(1545,126,37,37,2300,7),
(1549,127,38,38,2300,7),
(1553,128,39,39,2300,7),
(1557,129,40,40,2300,7),
(1561,130,41,41,2300,7),
(1565,131,42,42,2300,7),
(1569,132,43,43,2300,7),
(1573,133,44,44,2300,7),
(1577,134,45,45,2300,7),
(1581,135,46,46,2300,7),
(1585,136,47,47,2300,8),
(1589,137,48,48,2300,8),
(1593,138,49,49,2300,8),
(1597,139,50,50,2300,8),
(1601,140,1,1,2300,8),
(1605,141,2,2,2300,8),
(1609,142,3,3,2300,8),
(1613,143,4,4,2300,8),
(1617,144,5,5,2300,8),
(1621,145,6,6,2300,8),
(1625,146,7,7,2300,8),
(1629,147,8,8,2300,8),
(1633,148,9,9,2300,8),
(1637,149,10,10,2300,8),
(1641,150,11,11,2300,8),
(1645,151,12,12,2300,8),
(1649,152,13,13,2300,8),
(1653,153,14,14,2300,8),
(1657,154,15,15,2300,8),
(1661,155,16,16,2300,8),
(1665,156,17,17,2300,8),
(1669,157,18,18,2300,8),
(1673,158,19,19,2300,8),
(1677,159,20,20,2300,8),
(1681,160,21,21,2300,8),
(1685,161,22,22,2300,8),
(1689,162,23,23,2300,8),
(1693,163,24,24,2300,8),
(1697,164,25,25,2300,8),
(1701,165,26,26,2300,8),
(1705,166,27,27,2500,8),
(1709,167,28,28,2500,8),
(1713,168,29,29,2500,8),
(1717,169,30,30,2500,9),
(1721,170,31,31,2500,9),
(1725,171,32,32,2500,9),
(1729,172,33,33,2500,9),
(1733,173,34,34,2500,9),
(1737,174,35,35,2500,9),
(1741,175,36,36,2500,9),
(1745,176,37,37,2500,9),
(1749,177,38,38,2500,9),
(1753,178,39,39,2500,9),
(1757,179,40,40,2500,9),
(1761,180,41,41,2500,9),
(1765,181,42,42,2500,9),
(1769,182,43,43,2500,9),
(1773,183,44,44,2500,9),
(1777,184,45,45,2500,9),
(1781,185,46,46,2500,9),
(1785,186,47,47,2500,9),
(1789,187,48,48,2500,9),
(1793,188,49,49,2500,9),
(1797,189,50,50,2500,9),
(1801,190,1,1,2500,9),
(1805,191,2,2,2500,9),
(1809,192,3,3,2500,9),
(1813,193,4,4,2500,9),
(1817,194,5,5,2500,9),
(1821,195,6,6,2500,9),
(1825,196,7,7,2500,9),
(1829,197,8,8,2500,9),
(1833,198,9,9,2500,9),
(1837,199,10,10,2500,9),
(1841,200,11,11,3000,9),
(1845,201,12,12,3000,10),
(1849,202,13,13,3000,10),
(1853,203,14,14,3000,10),
(1857,204,15,15,3000,10),
(1861,205,16,16,3000,10),
(1865,206,17,17,3000,10),
(1869,207,18,18,3000,10),
(1873,208,19,19,3000,10),
(1877,209,20,20,3000,10),
(1881,210,21,21,3000,10),
(1885,211,22,22,3000,10),
(1889,212,23,23,3000,10),
(1893,213,24,24,3000,10),
(1897,214,25,25,3000,10),
(1901,215,26,26,3000,10),
(1905,216,27,27,3000,10),
(1909,217,28,28,3000,10),
(1913,218,29,29,3000,10),
(1917,219,30,30,3000,10),
(1921,220,31,31,3000,10),
(1925,221,32,32,3000,10),
(1929,222,33,33,3000,10),
(1933,223,34,34,3000,10),
(1937,224,35,35,3000,10),
(1941,225,36,36,3000,10),
(1945,226,37,37,3000,10),
(1949,227,38,38,3000,10),
(1953,228,39,39,3000,10),
(1957,229,40,40,3000,10),
(1961,230,41,41,3000,10),
(1965,231,42,42,3000,10),
(1969,232,43,43,3000,10),
(1973,233,44,44,3000,10),
(1977,234,45,45,3000,10),
(1981,235,46,46,3000,10),
(1985,236,47,47,3000,10),
(1989,237,48,48,3000,10),
(1993,238,49,49,3000,10),
(1997,239,50,50,3000,10);
select * from sales_fact_table

